13.03.2016 20:30, 134, 5.6
13.03.2016 20:30, 134, 5.6
13.03.2016 21:00, 134, 5.6
13.03.2016 21:15, 134, 5.6
13.03.2016 21:15, 134, 5.6
13.03.2016 21:15, 134, 5.6
13.03.2016 21:30, 135, 5.6
13.03.2016 21:45, 134, 5.6
13.03.2016 21:45, 134, 5.6
13.03.2016 21:45, 134, 5.6
13.03.2016 21:45, 134, 5.6
13.03.2016 21:45, 134, 5.6
13.03.2016 21:45, 134, 5.6
13.03.2016 21:45, 134, 5.6
13.03.2016 21:45, 134, 5.6
13.03.2016 21:45, 134, 5.6
13.03.2016 22:00, 135, 5.6
13.03.2016 23:00, 134, 5.5
14.03.2016 00:00, 134, 5.5
14.03.2016 01:00, 134, 5.6
14.03.2016 02:00, 134, 5.5
14.03.2016 03:00, 134, 5.5
14.03.2016 04:00, 134, 5.5
14.03.2016 05:00, 134, 5.5
14.03.2016 06:00, 134, 5.5
14.03.2016 06:45, 134, 5.4
14.03.2016 08:00, 134, 5.4
14.03.2016 09:00, 134, 5.4
14.03.2016 10:00, 134, 5.4
14.03.2016 11:00, 134, 5.6
14.03.2016 12:00, 134, 5.9
14.03.2016 13:00, 134, 6.3
14.03.2016 14:00, 134, 6.5
14.03.2016 15:00, 134, 6.5
14.03.2016 16:00, 134, 6.5
14.03.2016 17:00, 134, 6.6
14.03.2016 18:00, 133, 6.3
14.03.2016 19:00, 134, 6.2
14.03.2016 20:00, 134, 6.3
14.03.2016 21:00, 134, 6.2
14.03.2016 22:00, 134, 6.1
14.03.2016 23:00, 133, 5.9
15.03.2016 00:00, 133, 5.9
15.03.2016 01:00, 133, 5.8
15.03.2016 02:00, 134, 5.8
15.03.2016 03:00, 134, 5.8
15.03.2016 04:00, 133, 5.7
15.03.2016 05:00, 133, 5.6
15.03.2016 06:00, 133, 5.6
15.03.2016 07:00, 133, 5.6
15.03.2016 08:00, 133, 5.6
15.03.2016 09:00, 133, 5.6
15.03.2016 10:00, 134, 5.5
15.03.2016 11:00, 133, 5.5
15.03.2016 12:00, 133, 5.4
15.03.2016 13:00, 134, 5.3
15.03.2016 14:00, 134, 5.3
15.03.2016 15:00, 134, 5.4
15.03.2016 16:00, 134, 5.5
15.03.2016 17:00, 133, 5.4
15.03.2016 18:00, 133, 5.4
15.03.2016 19:00, 134, 5.4
15.03.2016 20:00, 134, 5.4
15.03.2016 21:00, 134, 5.4
15.03.2016 22:00, 133, 5.3
15.03.2016 23:00, 133, 5.3
16.03.2016 00:00, 134, 5.3
16.03.2016 01:00, 133, 5.3
16.03.2016 02:00, 133, 5.3
16.03.2016 03:00, 133, 5.3
16.03.2016 04:00, 133, 5.2
16.03.2016 05:00, 133, 5.2
16.03.2016 06:00, 133, 5.1
16.03.2016 07:00, 133, 5.1
16.03.2016 08:00, 133, 5.1
16.03.2016 09:00, 133, 5.1
16.03.2016 10:00, 133, 5.4
16.03.2016 11:00, 133, 5.6
16.03.2016 12:00, 133, 5.8
16.03.2016 12:45, 133, 6.2
16.03.2016 14:00, 133, 6.8
16.03.2016 15:00, 133, 6.9
16.03.2016 16:00, 133, 6.7
16.03.2016 17:00, 133, 6.6
16.03.2016 18:00, 133, 6.4
16.03.2016 19:00, 133, 6.3
16.03.2016 20:00, 132, 5.8
16.03.2016 21:00, 132, 5.8
16.03.2016 22:00, 132, 5.7
16.03.2016 23:00, 132, 5.6
17.03.2016 00:00, 132, 5.6
17.03.2016 01:00, 132, 5.5
17.03.2016 02:00, 132, 5.5
17.03.2016 03:00, 132, 5.4
17.03.2016 04:00, 132, 5.4
17.03.2016 05:00, 132, 5.4
17.03.2016 06:00, 132, 5.4
17.03.2016 07:00, 132, 5.3
17.03.2016 08:00, 132, 5.3
17.03.2016 09:00, 132, 5.4
17.03.2016 10:00, 132, 5.5
17.03.2016 11:00, 132, 5.8
17.03.2016 12:00, 133, 6.1
17.03.2016 13:00, 133, 6.5
17.03.2016 14:00, 132, 6.7
17.03.2016 15:00, 132, 6.9
17.03.2016 16:00, 132, 6.6
17.03.2016 17:00, 132, 6.5
17.03.2016 18:00, 132, 6.4
17.03.2016 19:00, 132, 6.4
17.03.2016 20:00, 132, 6.0
17.03.2016 21:00, 132, 5.9
17.03.2016 22:00, 132, 5.8
17.03.2016 23:00, 132, 5.8
18.03.2016 00:00, 132, 5.8
18.03.2016 01:00, 132, 5.8
18.03.2016 02:00, 132, 5.7
18.03.2016 03:00, 132, 5.7
18.03.2016 04:00, 132, 5.6
18.03.2016 05:00, 132, 5.6
18.03.2016 06:00, 132, 5.5
18.03.2016 07:00, 132, 5.5
18.03.2016 08:00, 132, 5.5
18.03.2016 09:00, 132, 5.6
18.03.2016 10:00, 132, 5.8
18.03.2016 11:00, 132, 6.1
18.03.2016 12:00, 131, 6.3
18.03.2016 13:00, 132, 6.8
18.03.2016 14:00, 132, 7.2
18.03.2016 15:00, 133, 7.4
18.03.2016 16:00, 132, 7.4
18.03.2016 17:00, 131, 7.4
18.03.2016 18:00, 131, 7.1
18.03.2016 19:00, 131, 7.1
18.03.2016 20:00, 132, 7.1
18.03.2016 21:00, 132, 7.0
18.03.2016 22:00, 132, 6.6
18.03.2016 23:00, 131, 6.6
19.03.2016 00:00, 131, 6.5
19.03.2016 01:00, 131, 6.4
19.03.2016 02:00, 132, 6.3
19.03.2016 03:00, 131, 6.2
19.03.2016 04:00, 131, 6.2
19.03.2016 05:00, 131, 6.1
19.03.2016 06:00, 131, 6.0
19.03.2016 07:00, 131, 6.0
19.03.2016 08:00, 131, 6.0
19.03.2016 09:00, 131, 6.0
19.03.2016 10:00, 131, 6.1
19.03.2016 11:00, 131, 6.2
19.03.2016 12:00, 131, 6.5
19.03.2016 13:00, 132, 7.1
19.03.2016 14:00, 132, 7.3
19.03.2016 15:00, 132, 7.4
19.03.2016 16:00, 131, 7.1
19.03.2016 17:00, 131, 7.2
19.03.2016 18:00, 131, 7.1
19.03.2016 19:00, 131, 7.0
19.03.2016 20:00, 131, 7.3
19.03.2016 21:00, 131, 7.2
19.03.2016 22:00, 131, 6.9
19.03.2016 23:00, 131, 6.9
20.03.2016 00:00, 131, 6.7
20.03.2016 01:00, 131, 6.7
20.03.2016 02:00, 131, 6.6
20.03.2016 03:00, 131, 6.5
20.03.2016 04:00, 131, 6.4
20.03.2016 05:00, 131, 6.4
20.03.2016 06:00, 131, 6.3
20.03.2016 07:00, 131, 6.3
20.03.2016 08:00, 131, 6.3
20.03.2016 09:00, 131, 6.3
20.03.2016 10:00, 131, 6.4
20.03.2016 11:00, 131, 6.6
20.03.2016 12:00, 131, 6.9
20.03.2016 13:00, 131, 7.1
20.03.2016 14:00, 131, 7.3
20.03.2016 15:00, 132, 7.5
20.03.2016 16:00, 131, 7.4
20.03.2016 17:00, 132, 7.6
20.03.2016 18:00, 131, 7.6
20.03.2016 19:00, 132, 7.5
20.03.2016 20:00, 132, 7.3
20.03.2016 21:00, 131, 7.1
20.03.2016 22:00, 131, 7.1
20.03.2016 23:00, 131, 7.1
21.03.2016 00:00, 131, 6.9
21.03.2016 01:00, 131, 6.9
21.03.2016 02:00, 132, 6.9
21.03.2016 03:00, 131, 6.7
21.03.2016 04:00, 132, 6.6
21.03.2016 05:00, 132, 6.5
21.03.2016 06:00, 132, 6.5
21.03.2016 07:00, 132, 6.4
21.03.2016 08:00, 131, 6.4
21.03.2016 09:00, 131, 6.4
21.03.2016 10:00, 132, 6.4
21.03.2016 11:00, 132, 6.5
21.03.2016 12:00, 132, 6.6
21.03.2016 13:00, 131, 7.0
21.03.2016 14:00, 131, 7.3
21.03.2016 15:00, 131, 7.3
21.03.2016 16:00, 132, 7.4
21.03.2016 17:00, 132, 7.4
21.03.2016 18:00, 132, 7.3
21.03.2016 19:00, 131, 7.3
21.03.2016 20:00, 131, 7.2
21.03.2016 21:00, 131, 7.1
21.03.2016 22:00, 132, 7.1
21.03.2016 23:00, 132, 7.1
22.03.2016 00:00, 131, 7.0
22.03.2016 01:00, 131, 7.0
22.03.2016 02:00, 131, 7.0
22.03.2016 03:00, 131, 6.8
22.03.2016 04:00, 131, 6.8
22.03.2016 05:00, 131, 6.8
22.03.2016 06:00, 131, 6.8
22.03.2016 07:00, 131, 6.8
22.03.2016 08:00, 131, 6.8
22.03.2016 09:00, 131, 6.7
22.03.2016 10:00, 131, 6.7
22.03.2016 11:00, 131, 6.8
22.03.2016 12:00, 131, 7.0
22.03.2016 13:00, 131, 7.2
22.03.2016 14:00, 131, 7.1
22.03.2016 15:00, 131, 7.2
22.03.2016 16:00, 131, 7.2
22.03.2016 17:00, 131, 7.2
22.03.2016 18:00, 131, 7.1
22.03.2016 19:00, 131, 7.0
22.03.2016 20:00, 131, 6.9
22.03.2016 21:00, 131, 6.9
22.03.2016 22:00, 131, 6.9
22.03.2016 23:00, 131, 6.9
23.03.2016 00:00, 130, 6.7
23.03.2016 01:00, 131, 6.8
23.03.2016 02:00, 131, 6.7
23.03.2016 03:00, 131, 6.6
23.03.2016 04:00, 131, 6.6
23.03.2016 05:00, 130, 6.5
23.03.2016 06:00, 130, 6.5
23.03.2016 07:00, 131, 6.4
23.03.2016 08:00, 131, 6.4
23.03.2016 09:00, 131, 6.4
23.03.2016 10:00, 130, 6.4
23.03.2016 11:00, 130, 6.6
23.03.2016 12:00, 130, 6.6
23.03.2016 13:00, 132, 6.7
23.03.2016 13:45, 131, 6.6
23.03.2016 15:00, 131, 6.6
23.03.2016 16:00, 130, 6.6
23.03.2016 17:00, 130, 6.5
23.03.2016 18:00, 130, 6.5
23.03.2016 19:00, 131, 6.5
23.03.2016 20:00, 131, 6.5
23.03.2016 21:00, 130, 6.4
23.03.2016 22:00, 130, 6.4
23.03.2016 23:00, 130, 6.4
24.03.2016 00:00, 130, 6.4
24.03.2016 01:00, 131, 6.3
24.03.2016 02:00, 132, 6.2
24.03.2016 03:00, 130, 6.1
24.03.2016 04:00, 129, 6.0
24.03.2016 05:00, 130, 6.0
24.03.2016 06:00, 130, 6.1
24.03.2016 07:00, 130, 5.7
24.03.2016 08:00, 131, 5.7
24.03.2016 09:00, 130, 5.7
24.03.2016 10:00, 129, 5.8
24.03.2016 11:00, 129, 5.9
24.03.2016 12:00, 131, 5.9
24.03.2016 13:00, 130, 6.0
24.03.2016 14:00, 131, 6.0
24.03.2016 15:00, 131, 6.1
24.03.2016 16:00, 130, 6.1
24.03.2016 17:00, 130, 6.0
24.03.2016 18:00, 130, 6.0
24.03.2016 19:00, 130, 6.0
24.03.2016 20:00, 130, 6.0
24.03.2016 21:00, 130, 5.9
24.03.2016 22:00, 130, 5.9
24.03.2016 23:00, 130, 5.9
25.03.2016 00:00, 130, 5.9
25.03.2016 01:00, 130, 5.8
25.03.2016 02:00, 130, 5.8
25.03.2016 03:00, 130, 5.8
25.03.2016 04:00, 130, 5.8
25.03.2016 05:00, 129, 5.7
25.03.2016 06:00, 130, 5.8
25.03.2016 07:00, 130, 5.7
25.03.2016 08:00, 130, 5.7
25.03.2016 09:00, 130, 5.7
25.03.2016 10:00, 130, 5.7
25.03.2016 11:00, 129, 5.8
25.03.2016 12:00, 129, 5.9
25.03.2016 13:00, 130, 6.1
25.03.2016 14:00, 130, 6.2
25.03.2016 15:00, 130, 6.2
25.03.2016 16:00, 129, 6.3
25.03.2016 17:00, 129, 6.2
25.03.2016 18:00, 129, 6.2
25.03.2016 19:00, 130, 6.2
25.03.2016 20:00, 130, 6.1
25.03.2016 21:00, 130, 6.0
25.03.2016 22:00, 130, 6.0
25.03.2016 23:00, 130, 6.0
26.03.2016 00:00, 130, 6.0
26.03.2016 01:00, 130, 6.0
26.03.2016 02:00, 130, 6.0
26.03.2016 03:00, 131, 6.0
26.03.2016 04:00, 131, 5.9
26.03.2016 05:00, 130, 5.9
26.03.2016 06:00, 131, 5.9
26.03.2016 07:00, 131, 5.9
26.03.2016 08:00, 132, 5.9
26.03.2016 09:00, 132, 6.0
26.03.2016 10:00, 132, 6.0
26.03.2016 11:00, 131, 6.1
26.03.2016 12:00, 132, 6.1
26.03.2016 13:00, 132, 6.3
26.03.2016 14:00, 132, 6.4
26.03.2016 15:00, 132, 6.5
26.03.2016 16:00, 132, 6.9
26.03.2016 17:00, 132, 6.6
26.03.2016 18:00, 132, 6.4
26.03.2016 19:00, 132, 6.3
26.03.2016 20:00, 132, 6.3
26.03.2016 21:00, 132, 6.3
26.03.2016 22:00, 132, 6.2
26.03.2016 23:00, 132, 6.2
27.03.2016 00:00, 132, 6.2
27.03.2016 01:00, 133, 6.1
27.03.2016 03:45, 132, 6.0
27.03.2016 04:00, 132, 6.0
27.03.2016 05:00, 133, 5.9
27.03.2016 06:00, 132, 5.9
27.03.2016 07:00, 133, 5.8
27.03.2016 08:00, 133, 5.8
27.03.2016 09:00, 133, 5.8
27.03.2016 10:00, 133, 5.8
27.03.2016 11:00, 133, 6.2
27.03.2016 12:00, 133, 6.4
27.03.2016 13:00, 134, 6.5
27.03.2016 14:00, 133, 6.7
27.03.2016 15:00, 133, 7.8
27.03.2016 16:00, 133, 7.4
27.03.2016 17:00, 133, 7.3
27.03.2016 18:00, 134, 7.0
27.03.2016 19:00, 134, 7.3
27.03.2016 20:00, 133, 7.6
27.03.2016 21:00, 133, 7.4
27.03.2016 22:00, 133, 7.3
27.03.2016 23:00, 134, 6.9
28.03.2016 00:00, 134, 6.9
28.03.2016 01:00, 134, 7.0
28.03.2016 02:00, 133, 6.9
28.03.2016 03:00, 133, 6.9
28.03.2016 04:00, 134, 6.8
28.03.2016 05:00, 134, 6.8
28.03.2016 06:00, 134, 6.7
28.03.2016 07:00, 134, 6.7
28.03.2016 08:00, 133, 6.7
28.03.2016 09:00, 133, 6.7
28.03.2016 10:00, 134, 6.7
28.03.2016 11:00, 135, 7.0
28.03.2016 12:00, 134, 7.3
28.03.2016 13:00, 134, 7.3
28.03.2016 14:00, 134, 8.0
28.03.2016 15:00, 134, 8.0
28.03.2016 16:00, 135, 8.0
28.03.2016 17:00, 135, 8.1
28.03.2016 18:00, 135, 8.1
28.03.2016 19:00, 134, 7.9
28.03.2016 20:00, 134, 7.8
28.03.2016 21:00, 134, 7.6
28.03.2016 22:00, 135, 7.5
28.03.2016 23:00, 136, 7.4
29.03.2016 00:00, 135, 7.3
29.03.2016 01:00, 134, 7.3
29.03.2016 02:00, 135, 7.5
29.03.2016 03:00, 135, 7.5
29.03.2016 04:00, 136, 7.4
29.03.2016 05:00, 136, 7.2
29.03.2016 06:00, 136, 7.3
29.03.2016 07:00, 134, 7.3
29.03.2016 08:00, 135, 7.2
29.03.2016 09:00, 136, 7.2
29.03.2016 10:00, 136, 7.2
29.03.2016 11:00, 137, 7.3
29.03.2016 12:00, 136, 7.4
29.03.2016 13:00, 136, 7.5
29.03.2016 14:00, 136, 7.7
29.03.2016 15:00, 137, 7.9
29.03.2016 16:00, 136, 7.9
29.03.2016 17:00, 136, 8.1
29.03.2016 18:00, 136, 8.2
29.03.2016 19:00, 136, 8.0
29.03.2016 19:45, 136, 7.9
29.03.2016 21:00, 137, 7.8
29.03.2016 22:00, 137, 7.9
29.03.2016 23:00, 137, 7.8
30.03.2016 00:00, 136, 7.8
30.03.2016 01:00, 136, 7.6
30.03.2016 02:00, 136, 7.5
30.03.2016 03:00, 138, 7.5
30.03.2016 04:00, 137, 7.5
30.03.2016 05:00, 136, 7.4
30.03.2016 06:00, 136, 7.1
30.03.2016 07:00, 136, 7.0
30.03.2016 08:00, 137, 6.8
30.03.2016 09:00, 138, 7.0
30.03.2016 10:00, 137, 6.9
30.03.2016 11:00, 137, 7.1
30.03.2016 12:00, 136, 7.1
30.03.2016 13:00, 137, 7.2
30.03.2016 14:00, 137, 7.2
30.03.2016 15:00, 137, 7.4
30.03.2016 16:00, 137, 7.7
30.03.2016 17:00, 136, 7.2
30.03.2016 18:00, 136, 8.1
30.03.2016 19:00, 137, 8.0
30.03.2016 20:00, 137, 8.0
30.03.2016 21:00, 137, 7.8
30.03.2016 22:00, 137, 9.0
30.03.2016 23:00, 137, 9.0
31.03.2016 00:00, 137, 8.6
31.03.2016 01:00, 137, 8.4
31.03.2016 02:00, 137, 8.7
31.03.2016 03:00, 137, 8.8
31.03.2016 04:00, 137, 9.0
31.03.2016 05:00, 137, 9.0
31.03.2016 05:45, 137, 9.0
31.03.2016 06:45, 137, 8.9
31.03.2016 08:00, 137, 8.6
31.03.2016 09:00, 137, 8.3
31.03.2016 10:00, 137, 8.2
31.03.2016 11:00, 137, 8.1
31.03.2016 12:00, 138, 8.0
31.03.2016 13:00, 137, 8.0
31.03.2016 14:00, 137, 8.1
31.03.2016 15:00, 137, 7.6
31.03.2016 16:00, 137, 7.6
31.03.2016 17:00, 137, 7.2
31.03.2016 18:00, 137, 7.0
31.03.2016 19:00, 138, 6.9
31.03.2016 20:00, 138, 6.8
31.03.2016 21:00, 137, 6.8
31.03.2016 22:00, 138, 7.2
31.03.2016 23:00, 138, 7.1
01.04.2016 00:00, 138, 6.7
01.04.2016 01:00, 139, 6.7
01.04.2016 02:00, 139, 6.5
01.04.2016 03:00, 139, 6.4
01.04.2016 04:00, 138, 6.3
01.04.2016 05:00, 139, 6.2
01.04.2016 06:00, 139, 6.2
01.04.2016 07:00, 139, 6.2
01.04.2016 08:00, 139, 6.2
01.04.2016 09:00, 139, 6.2
01.04.2016 10:00, 139, 6.4
01.04.2016 11:00, 138, 6.5
01.04.2016 12:00, 140, 6.7
01.04.2016 13:00, 140, 7.3
01.04.2016 14:00, 140, 7.9
01.04.2016 15:00, 140, 7.9
01.04.2016 16:00, 139, 7.8
01.04.2016 17:00, 139, 7.9
01.04.2016 18:00, 140, 7.9
01.04.2016 19:00, 140, 7.9
01.04.2016 20:00, 140, 7.9
01.04.2016 21:00, 140, 7.9
01.04.2016 22:00, 140, 7.9
01.04.2016 23:00, 140, 7.9
02.04.2016 00:00, 140, 7.9
02.04.2016 01:00, 140, 7.8
02.04.2016 02:00, 140, 7.8
02.04.2016 03:00, 140, 7.8
02.04.2016 04:00, 140, 7.8
02.04.2016 05:00, 140, 7.8
02.04.2016 06:00, 140, 7.8
02.04.2016 07:00, 140, 7.7
02.04.2016 08:00, 140, 7.7
02.04.2016 09:00, 140, 7.7
02.04.2016 10:00, 140, 7.8
02.04.2016 11:00, 140, 8.0
02.04.2016 12:00, 140, 8.2
02.04.2016 13:00, 140, 8.6
02.04.2016 14:00, 140, 8.8
02.04.2016 15:00, 140, 9.1
02.04.2016 16:00, 140, 9.0
02.04.2016 17:00, 140, 8.9
02.04.2016 18:00, 140, 8.8
02.04.2016 19:00, 140, 9.2
02.04.2016 20:00, 140, 9.3
02.04.2016 21:00, 140, 9.3
02.04.2016 22:00, 140, 9.3
02.04.2016 23:00, 141, 9.2
03.04.2016 00:00, 140, 9.1
03.04.2016 01:00, 141, 8.9
03.04.2016 02:00, 140, 8.8
03.04.2016 03:00, 140, 8.6
03.04.2016 04:00, 140, 8.5
03.04.2016 05:00, 141, 8.4
03.04.2016 06:00, 140, 8.2
03.04.2016 06:45, 140, 8.1
03.04.2016 08:00, 141, 7.8
03.04.2016 09:00, 140, 7.7
03.04.2016 10:00, 140, 8.1
03.04.2016 11:00, 140, 8.4
03.04.2016 12:00, 140, 8.9
03.04.2016 13:00, 140, 9.1
03.04.2016 14:00, 140, 9.3
03.04.2016 15:00, 140, 9.3
03.04.2016 16:00, 140, 9.5
03.04.2016 17:00, 140, 9.6
03.04.2016 18:00, 140, 9.4
03.04.2016 19:00, 140, 9.7
03.04.2016 20:00, 140, 10.2
03.04.2016 21:00, 140, 10.2
03.04.2016 22:00, 141, 10.2
03.04.2016 23:00, 141, 10.1
04.04.2016 00:00, 141, 10.1
04.04.2016 01:00, 141, 9.6
04.04.2016 02:00, 140, 9.4
04.04.2016 03:00, 140, 9.4
04.04.2016 04:00, 140, 9.3
04.04.2016 05:00, 140, 9.3
04.04.2016 06:00, 141, 9.0
04.04.2016 07:00, 140, 8.8
04.04.2016 08:00, 140, 8.6
04.04.2016 09:00, 140, 8.3
04.04.2016 10:00, 140, 8.3
04.04.2016 11:00, 140, 8.2
04.04.2016 12:00, 140, 9.7
04.04.2016 13:00, 140, 10.1
04.04.2016 14:00, 140, 9.9
04.04.2016 15:00, 140, 10.0
04.04.2016 16:00, 140, 10.0
04.04.2016 17:00, 140, 10.3
04.04.2016 18:00, 140, 10.5
04.04.2016 19:00, 141, 11.5
04.04.2016 19:45, 141, 11.4
04.04.2016 21:00, 141, 11.7
04.04.2016 22:00, 141, 11.9
04.04.2016 23:00, 141, 11.2
05.04.2016 00:00, 141, 10.5
05.04.2016 01:00, 141, 10.4
05.04.2016 02:00, 140, 10.2
05.04.2016 03:00, 140, 10.0
05.04.2016 04:00, 141, 9.4
05.04.2016 05:00, 140, 9.0
05.04.2016 06:00, 141, 10.1
05.04.2016 07:00, 140, 9.7
05.04.2016 08:00, 140, 9.1
05.04.2016 09:00, 140, 8.9
05.04.2016 10:00, 140, 9.1
05.04.2016 11:00, 140, 9.1
05.04.2016 12:00, 140, 8.9
05.04.2016 13:00, 139, 8.6
05.04.2016 14:00, 139, 8.5
05.04.2016 15:00, 140, 8.0
05.04.2016 16:00, 140, 8.7
05.04.2016 17:00, 140, 9.6
05.04.2016 18:00, 140, 8.9
05.04.2016 19:00, 140, 8.6
05.04.2016 20:00, 140, 8.2
05.04.2016 21:00, 140, 9.1
05.04.2016 22:00, 140, 10.4
05.04.2016 22:45, 141, 10.4
06.04.2016 00:00, 141, 10.2
06.04.2016 01:00, 141, 10.3
06.04.2016 02:00, 140, 10.3
06.04.2016 03:00, 139, 10.2
06.04.2016 04:00, 140, 10.1
06.04.2016 05:00, 140, 10.1
06.04.2016 06:00, 141, 10.1
06.04.2016 07:00, 140, 10.1
06.04.2016 08:00, 140, 10.1
06.04.2016 09:00, 140, 10.1
06.04.2016 10:00, 140, 10.1
06.04.2016 11:00, 140, 10.1
06.04.2016 12:00, 140, 10.1
06.04.2016 13:00, 140, 10.1
06.04.2016 14:00, 140, 10.2
06.04.2016 15:00, 139, 10.2
06.04.2016 16:00, 139, 10.2
06.04.2016 17:00, 139, 10.2
06.04.2016 18:00, 139, 10.1
06.04.2016 19:00, 139, 10.0
06.04.2016 20:00, 139, 10.1
06.04.2016 21:00, 139, 10.0
06.04.2016 22:00, 139, 10.0
06.04.2016 23:00, 139, 10.0
07.04.2016 00:00, 139, 10.0
07.04.2016 01:00, 138, 9.9
07.04.2016 02:00, 139, 9.9
07.04.2016 03:00, 140, 9.9
07.04.2016 04:00, 139, 9.9
07.04.2016 05:00, 139, 9.9
07.04.2016 06:00, 138, 9.9
07.04.2016 07:00, 139, 8.9
07.04.2016 08:00, 139, 8.7
07.04.2016 09:00, 139, 8.6
07.04.2016 10:00, 139, 8.6
07.04.2016 11:00, 139, 8.5
07.04.2016 12:00, 139, 8.3
07.04.2016 13:00, 139, 8.3
07.04.2016 14:00, 139, 8.3
07.04.2016 15:00, 140, 8.4
07.04.2016 16:00, 140, 8.9
07.04.2016 17:00, 140, 9.0
07.04.2016 18:00, 140, 9.0
07.04.2016 19:00, 140, 8.9
07.04.2016 20:00, 140, 9.0
07.04.2016 21:00, 140, 8.9
07.04.2016 22:00, 140, 9.1
07.04.2016 23:00, 140, 9.1
08.04.2016 00:00, 140, 9.1
08.04.2016 01:00, 140, 9.1
08.04.2016 02:00, 140, 9.2
08.04.2016 03:00, 140, 9.3
08.04.2016 04:00, 140, 9.5
08.04.2016 05:00, 139, 9.5
08.04.2016 06:00, 140, 9.5
08.04.2016 07:00, 140, 9.4
08.04.2016 08:00, 140, 9.4
08.04.2016 09:00, 140, 9.2
08.04.2016 10:00, 140, 9.2
08.04.2016 11:00, 140, 9.1
08.04.2016 12:00, 140, 9.1
08.04.2016 13:00, 140, 9.1
08.04.2016 14:00, 140, 9.1
08.04.2016 15:00, 140, 9.1
08.04.2016 16:00, 140, 9.1
08.04.2016 17:00, 139, 9.1
08.04.2016 18:00, 140, 9.1
08.04.2016 19:00, 139, 9.0
08.04.2016 20:00, 140, 9.0
08.04.2016 21:00, 140, 9.0
08.04.2016 22:00, 140, 9.0
08.04.2016 23:00, 140, 9.0
09.04.2016 00:00, 140, 8.9
09.04.2016 01:00, 140, 8.9
09.04.2016 02:00, 140, 8.9
09.04.2016 03:00, 140, 8.9
09.04.2016 04:00, 139, 8.9
09.04.2016 05:00, 139, 8.9
09.04.2016 06:00, 140, 8.9
09.04.2016 07:00, 140, 8.8
09.04.2016 08:00, 139, 8.8
09.04.2016 09:00, 139, 8.8
09.04.2016 10:00, 139, 8.8
09.04.2016 11:00, 139, 8.8
09.04.2016 12:00, 139, 8.9
09.04.2016 13:00, 139, 8.9
09.04.2016 14:00, 139, 8.9
09.04.2016 15:00, 139, 8.8
09.04.2016 16:00, 139, 8.7
09.04.2016 17:00, 139, 8.6
09.04.2016 18:00, 139, 8.6
09.04.2016 19:00, 139, 8.6
09.04.2016 20:00, 139, 8.6
09.04.2016 21:00, 139, 8.6
09.04.2016 22:00, 139, 8.6
09.04.2016 23:00, 139, 8.6
10.04.2016 00:00, 139, 8.6
10.04.2016 01:00, 139, 8.7
10.04.2016 02:00, 139, 8.7
10.04.2016 03:00, 138, 8.6
10.04.2016 04:00, 138, 8.6
10.04.2016 05:00, 138, 8.6
10.04.2016 06:00, 138, 8.6
10.04.2016 07:00, 138, 8.6
10.04.2016 08:00, 138, 8.6
10.04.2016 09:00, 138, 8.6
10.04.2016 10:00, 138, 8.6
10.04.2016 11:00, 138, 8.8
10.04.2016 12:00, 138, 8.9
10.04.2016 13:00, 138, 8.8
10.04.2016 14:00, 138, 9.1
10.04.2016 15:00, 138, 9.2
10.04.2016 16:00, 138, 9.2
10.04.2016 17:00, 138, 9.3
10.04.2016 18:00, 138, 9.3
10.04.2016 19:00, 138, 9.2
10.04.2016 20:00, 138, 9.2
10.04.2016 21:00, 137, 9.3
10.04.2016 22:00, 137, 9.2
10.04.2016 23:00, 137, 9.1
11.04.2016 00:00, 137, 9.0
11.04.2016 01:00, 137, 8.8
11.04.2016 02:00, 137, 8.8
11.04.2016 03:00, 137, 8.7
11.04.2016 04:00, 137, 8.6
11.04.2016 05:00, 137, 8.5
11.04.2016 06:00, 137, 8.5
11.04.2016 07:00, 137, 8.5
11.04.2016 08:00, 137, 8.4
11.04.2016 09:00, 137, 8.4
11.04.2016 10:00, 136, 8.5
11.04.2016 11:00, 134, 8.6
11.04.2016 12:00, 134, 9.1
11.04.2016 13:00, 134, 9.4
11.04.2016 14:00, 134, 9.8
11.04.2016 15:00, 134, 10.1
11.04.2016 16:00, 134, 10.2
11.04.2016 17:00, 134, 10.2
11.04.2016 18:00, 134, 10.4
11.04.2016 19:00, 134, 10.4
11.04.2016 20:00, 134, 10.3
11.04.2016 21:00, 134, 10.3
11.04.2016 22:00, 134, 10.3
11.04.2016 23:00, 134, 10.1
12.04.2016 00:00, 134, 10.0
12.04.2016 01:00, 134, 9.9
12.04.2016 02:00, 134, 9.8
12.04.2016 03:00, 134, 9.8
12.04.2016 04:00, 134, 9.7
12.04.2016 05:00, 134, 9.7
12.04.2016 06:00, 134, 9.4
12.04.2016 07:00, 134, 9.1
12.04.2016 08:00, 134, 8.8
12.04.2016 09:00, 134, 9.0
12.04.2016 10:00, 135, 9.3
12.04.2016 11:00, 134, 9.5
12.04.2016 12:00, 134, 9.6
12.04.2016 13:00, 134, 9.7
12.04.2016 14:00, 134, 9.7
12.04.2016 15:00, 134, 9.7
12.04.2016 16:00, 134, 9.9
12.04.2016 17:00, 134, 9.8
12.04.2016 18:00, 134, 9.8
12.04.2016 19:00, 134, 9.8
12.04.2016 20:00, 134, 9.6
12.04.2016 21:00, 134, 9.7
12.04.2016 22:00, 134, 9.6
12.04.2016 23:00, 134, 9.4
13.04.2016 00:00, 134, 9.5
13.04.2016 01:00, 134, 9.2
13.04.2016 02:00, 134, 9.0
13.04.2016 03:00, 134, 8.7
13.04.2016 04:00, 134, 8.5
13.04.2016 05:00, 134, 8.5
13.04.2016 06:00, 134, 8.4
13.04.2016 06:45, 134, 8.4
13.04.2016 08:00, 134, 8.5
13.04.2016 09:00, 134, 8.9
13.04.2016 10:00, 134, 9.1
13.04.2016 11:00, 134, 9.1
13.04.2016 12:00, 134, 9.6
13.04.2016 13:00, 134, 9.8
13.04.2016 14:00, 134, 10.1
13.04.2016 15:00, 134, 10.0
13.04.2016 16:00, 134, 10.2
13.04.2016 17:00, 134, 10.2
13.04.2016 18:00, 135, 10.6
13.04.2016 19:00, 137, 10.6
13.04.2016 20:00, 133, 10.5
13.04.2016 21:00, 134, 11.3
13.04.2016 22:00, 135, 11.0
13.04.2016 23:00, 136, 10.7
14.04.2016 00:00, 136, 10.2
14.04.2016 01:00, 135, 10.2
14.04.2016 02:00, 135, 10.1
14.04.2016 03:00, 135, 9.9
14.04.2016 04:00, 136, 9.8
14.04.2016 05:00, 136, 9.7
14.04.2016 06:00, 136, 9.6
14.04.2016 07:00, 136, 9.6
14.04.2016 08:00, 136, 9.7
14.04.2016 09:00, 136, 9.6
14.04.2016 10:00, 136, 9.6
14.04.2016 11:00, 138, 9.6
14.04.2016 12:00, 138, 9.6
14.04.2016 13:00, 138, 9.6
14.04.2016 14:00, 137, 9.6
14.04.2016 15:00, 138, 9.6
14.04.2016 16:00, 139, 9.6
14.04.2016 17:00, 139, 9.6
14.04.2016 18:00, 138, 9.7
14.04.2016 19:00, 138, 9.6
14.04.2016 20:00, 138, 9.6
14.04.2016 21:00, 138, 9.6
14.04.2016 22:00, 138, 9.6
14.04.2016 23:00, 138, 9.4
15.04.2016 00:00, 138, 9.0
15.04.2016 01:00, 138, 8.7
15.04.2016 02:00, 138, 8.7
15.04.2016 03:00, 138, 8.6
15.04.2016 04:00, 138, 8.5
15.04.2016 05:00, 138, 8.5
15.04.2016 06:00, 138, 8.5
15.04.2016 07:00, 138, 8.3
15.04.2016 08:00, 138, 8.5
15.04.2016 09:00, 138, 8.7
15.04.2016 10:00, 138, 9.0
15.04.2016 11:00, 138, 9.0
15.04.2016 12:00, 138, 8.9
15.04.2016 13:00, 138, 9.1
15.04.2016 14:00, 138, 9.5
15.04.2016 15:00, 138, 9.5
15.04.2016 16:00, 137, 9.4
15.04.2016 17:00, 137, 9.6
15.04.2016 18:00, 137, 9.6
15.04.2016 19:00, 138, 9.4
15.04.2016 20:00, 138, 9.3
15.04.2016 21:00, 138, 9.1
15.04.2016 22:00, 136, 9.1
15.04.2016 23:00, 136, 9.0
16.04.2016 00:00, 137, 9.0
16.04.2016 01:00, 137, 8.9
16.04.2016 02:00, 137, 8.9
16.04.2016 03:00, 137, 8.9
16.04.2016 04:00, 136, 8.9
16.04.2016 05:00, 135, 8.8
16.04.2016 06:00, 136, 8.7
16.04.2016 07:00, 137, 8.7
16.04.2016 08:00, 137, 8.7
16.04.2016 09:00, 137, 8.7
16.04.2016 10:00, 136, 9.0
16.04.2016 11:00, 136, 9.2
16.04.2016 12:00, 136, 9.3
16.04.2016 13:00, 137, 9.2
16.04.2016 14:00, 136, 9.7
16.04.2016 15:00, 135, 9.5
16.04.2016 16:00, 135, 10.2
16.04.2016 17:00, 136, 10.5
16.04.2016 18:00, 136, 10.5
16.04.2016 19:00, 136, 10.3
16.04.2016 20:00, 136, 10.1
16.04.2016 21:00, 136, 10.0
16.04.2016 22:00, 136, 9.6
16.04.2016 23:00, 135, 9.5
17.04.2016 00:00, 135, 9.4
17.04.2016 01:00, 135, 9.3
17.04.2016 02:00, 137, 9.2
17.04.2016 03:00, 134, 9.1
17.04.2016 04:00, 136, 9.1
17.04.2016 05:00, 135, 9.1
17.04.2016 06:00, 135, 9.0
17.04.2016 07:00, 137, 9.0
17.04.2016 08:00, 134, 9.0
17.04.2016 09:00, 136, 9.1
17.04.2016 10:00, 135, 9.1
17.04.2016 11:00, 135, 9.6
17.04.2016 12:00, 135, 9.7
17.04.2016 13:00, 135, 9.9
17.04.2016 14:00, 135, 10.7
17.04.2016 15:00, 135, 10.3
17.04.2016 16:00, 135, 10.7
17.04.2016 17:00, 135, 10.5
17.04.2016 18:00, 135, 10.5
17.04.2016 19:00, 134, 10.2
17.04.2016 20:00, 135, 10.0
17.04.2016 21:00, 135, 10.1
17.04.2016 22:00, 135, 10.1
17.04.2016 23:00, 136, 9.8
18.04.2016 00:00, 135, 9.8
18.04.2016 01:00, 135, 9.8
18.04.2016 02:00, 135, 9.8
18.04.2016 03:00, 135, 9.6
18.04.2016 04:00, 135, 9.6
18.04.2016 05:00, 136, 9.6
18.04.2016 06:00, 136, 9.6
18.04.2016 07:00, 136, 9.6
18.04.2016 08:00, 136, 9.6
18.04.2016 09:00, 136, 9.4
18.04.2016 10:00, 136, 9.6
18.04.2016 11:00, 136, 9.4
18.04.2016 12:00, 136, 9.3
18.04.2016 13:00, 136, 9.4
18.04.2016 14:00, 136, 9.5
18.04.2016 15:00, 136, 9.6
18.04.2016 16:00, 137, 9.7
18.04.2016 17:00, 137, 9.7
18.04.2016 18:00, 137, 9.7
18.04.2016 19:00, 137, 9.6
18.04.2016 20:00, 137, 9.6
18.04.2016 21:00, 137, 9.6
18.04.2016 22:00, 137, 9.6
18.04.2016 23:00, 137, 9.7
19.04.2016 00:00, 137, 9.7
19.04.2016 01:00, 137, 9.7
19.04.2016 02:00, 137, 9.6
19.04.2016 03:00, 137, 9.6
19.04.2016 04:00, 138, 9.6
19.04.2016 05:00, 138, 9.6
19.04.2016 06:00, 138, 9.6
19.04.2016 07:00, 138, 9.5
19.04.2016 08:00, 138, 9.5
19.04.2016 09:00, 138, 9.5
19.04.2016 10:00, 138, 9.5
19.04.2016 11:00, 138, 9.6
19.04.2016 12:00, 138, 9.7
19.04.2016 13:00, 138, 9.9
19.04.2016 14:00, 138, 9.9
19.04.2016 15:00, 138, 10.1
19.04.2016 16:00, 138, 10.3
19.04.2016 17:00, 138, 10.2
19.04.2016 18:00, 139, 10.1
19.04.2016 19:00, 138, 10.1
19.04.2016 20:00, 138, 10.0
19.04.2016 21:00, 138, 10.0
19.04.2016 22:00, 138, 9.9
19.04.2016 23:00, 138, 9.9
20.04.2016 00:00, 138, 9.9
20.04.2016 01:00, 138, 9.8
20.04.2016 02:00, 138, 9.8
20.04.2016 03:00, 138, 9.8
20.04.2016 04:00, 138, 9.7
20.04.2016 05:00, 138, 9.7
20.04.2016 06:00, 138, 9.7
20.04.2016 07:00, 138, 9.7
20.04.2016 08:00, 137, 9.7
20.04.2016 09:00, 137, 9.7
20.04.2016 10:00, 138, 9.8
20.04.2016 11:00, 137, 9.9
20.04.2016 12:00, 138, 10.1
20.04.2016 13:00, 138, 10.4
20.04.2016 14:00, 137, 10.8
20.04.2016 15:00, 137, 11.0
20.04.2016 16:00, 137, 11.2
20.04.2016 17:00, 137, 11.4
20.04.2016 18:00, 137, 11.2
20.04.2016 19:00, 137, 11.0
20.04.2016 20:00, 137, 10.9
20.04.2016 21:00, 137, 10.9
20.04.2016 22:00, 137, 10.9
20.04.2016 23:00, 137, 10.7
21.04.2016 00:00, 137, 10.6
21.04.2016 01:00, 136, 10.5
21.04.2016 02:00, 136, 10.5
21.04.2016 03:00, 136, 10.4
21.04.2016 04:00, 136, 10.3
21.04.2016 05:00, 136, 10.3
21.04.2016 06:00, 136, 10.2
21.04.2016 07:00, 136, 10.1
21.04.2016 08:00, 136, 10.1
21.04.2016 09:00, 136, 10.1
21.04.2016 10:00, 136, 10.2
21.04.2016 11:00, 136, 10.4
21.04.2016 12:00, 136, 10.9
21.04.2016 13:00, 136, 11.2
21.04.2016 14:00, 136, 11.6
21.04.2016 15:00, 136, 11.7
21.04.2016 16:00, 136, 11.5
21.04.2016 17:00, 135, 11.5
21.04.2016 18:00, 135, 12.4
21.04.2016 19:00, 135, 12.9
21.04.2016 20:00, 135, 12.8
21.04.2016 21:00, 136, 12.6
21.04.2016 22:00, 135, 12.6
21.04.2016 23:00, 135, 12.3
22.04.2016 00:00, 135, 11.9
22.04.2016 01:00, 135, 11.7
22.04.2016 02:00, 135, 11.7
22.04.2016 03:00, 135, 11.5
22.04.2016 04:00, 135, 11.5
22.04.2016 05:00, 135, 11.5
22.04.2016 06:00, 135, 11.4
22.04.2016 06:45, 135, 11.4
22.04.2016 08:00, 135, 11.0
22.04.2016 09:00, 135, 10.4
22.04.2016 10:00, 135, 10.8
22.04.2016 11:00, 135, 11.6
22.04.2016 12:00, 135, 12.1
22.04.2016 13:00, 135, 12.7
22.04.2016 14:00, 135, 13.1
22.04.2016 15:00, 134, 13.2
22.04.2016 16:00, 135, 13.3
22.04.2016 17:00, 135, 13.7
22.04.2016 18:00, 135, 13.7
22.04.2016 19:00, 135, 13.7
22.04.2016 20:00, 135, 13.6
22.04.2016 21:00, 135, 13.2
22.04.2016 22:00, 135, 12.9
22.04.2016 23:00, 134, 12.7
23.04.2016 00:00, 134, 12.5
23.04.2016 01:00, 134, 12.4
23.04.2016 02:00, 134, 12.3
23.04.2016 03:00, 134, 12.2
23.04.2016 04:00, 134, 12.2
23.04.2016 05:00, 134, 12.1
23.04.2016 06:00, 134, 12.2
23.04.2016 07:00, 134, 12.2
23.04.2016 08:00, 134, 12.1
23.04.2016 09:00, 134, 12.1
23.04.2016 10:00, 134, 12.2
23.04.2016 11:00, 134, 11.9
23.04.2016 12:00, 134, 12.2
23.04.2016 13:00, 134, 12.1
23.04.2016 14:00, 134, 12.1
23.04.2016 15:00, 133, 12.0
23.04.2016 16:00, 133, 11.9
23.04.2016 17:00, 133, 11.8
23.04.2016 18:00, 133, 11.7
23.04.2016 19:00, 133, 11.6
23.04.2016 20:00, 133, 12.1
23.04.2016 21:00, 133, 12.0
23.04.2016 22:00, 134, 12.0
23.04.2016 23:00, 132, 12.0
24.04.2016 00:00, 135, 11.8
24.04.2016 01:00, 133, 12.0
24.04.2016 02:00, 135, 11.8
24.04.2016 03:00, 134, 11.7
24.04.2016 04:00, 135, 11.5
24.04.2016 05:00, 134, 11.2
24.04.2016 06:00, 135, 10.9
24.04.2016 07:00, 134, 10.9
24.04.2016 08:00, 134, 10.8
24.04.2016 09:00, 134, 10.8
24.04.2016 10:00, 133, 10.8
24.04.2016 11:00, 134, 10.9
24.04.2016 12:00, 134, 10.9
24.04.2016 13:00, 133, 10.9
24.04.2016 14:00, 134, 11.0
24.04.2016 15:00, 135, 10.9
24.04.2016 16:00, 134, 10.9
24.04.2016 17:00, 133, 11.1
24.04.2016 18:00, 134, 11.2
24.04.2016 19:00, 134, 11.0
24.04.2016 20:00, 134, 10.9
24.04.2016 21:00, 134, 10.9
24.04.2016 22:00, 134, 10.8
24.04.2016 23:00, 133, 10.8
25.04.2016 00:00, 133, 10.6
25.04.2016 01:00, 134, 10.6
25.04.2016 02:00, 134, 10.4
25.04.2016 03:00, 134, 10.3
25.04.2016 04:00, 134, 10.2
25.04.2016 05:00, 133, 10.2
25.04.2016 06:00, 134, 10.0
25.04.2016 07:00, 134, 9.8
25.04.2016 08:00, 134, 9.6
25.04.2016 09:00, 134, 9.8
25.04.2016 10:00, 134, 9.8
25.04.2016 11:00, 133, 10.0
25.04.2016 12:00, 134, 10.0
25.04.2016 13:00, 133, 10.2
25.04.2016 14:00, 133, 10.2
25.04.2016 15:00, 133, 10.4
25.04.2016 16:00, 133, 10.5
25.04.2016 17:00, 134, 10.5
25.04.2016 18:00, 134, 10.7
25.04.2016 19:00, 134, 10.6
25.04.2016 20:00, 134, 10.4
25.04.2016 21:00, 134, 10.3
25.04.2016 22:00, 133, 10.3
25.04.2016 23:00, 133, 10.3
26.04.2016 00:00, 134, 10.1
26.04.2016 01:00, 133, 10.1
26.04.2016 02:00, 133, 10.1
26.04.2016 03:00, 133, 10.0
26.04.2016 04:00, 133, 9.9
26.04.2016 05:00, 133, 9.8
26.04.2016 06:00, 133, 9.8
26.04.2016 07:00, 133, 9.7
26.04.2016 08:00, 133, 9.7
26.04.2016 09:00, 133, 9.7
26.04.2016 10:00, 133, 9.8
26.04.2016 11:00, 133, 9.8
26.04.2016 12:00, 133, 10.0
26.04.2016 13:00, 133, 10.1
26.04.2016 14:00, 133, 10.1
26.04.2016 15:00, 133, 10.1
26.04.2016 16:00, 133, 10.2
26.04.2016 17:00, 133, 10.2
26.04.2016 18:00, 134, 9.8
26.04.2016 19:00, 134, 10.1
26.04.2016 20:00, 133, 10.0
26.04.2016 21:00, 133, 9.8
26.04.2016 22:00, 133, 9.5
26.04.2016 23:00, 134, 9.6
27.04.2016 00:00, 134, 9.5
27.04.2016 01:00, 133, 9.5
27.04.2016 02:00, 133, 9.4
27.04.2016 03:00, 134, 9.3
27.04.2016 04:00, 134, 9.2
27.04.2016 05:00, 134, 9.2
27.04.2016 06:00, 134, 9.1
27.04.2016 07:00, 134, 9.1
27.04.2016 08:00, 134, 9.1
27.04.2016 09:00, 135, 9.0
27.04.2016 10:00, 135, 9.0
27.04.2016 11:00, 134, 9.0
27.04.2016 12:00, 134, 8.9
27.04.2016 13:00, 134, 9.1
27.04.2016 14:00, 134, 9.2
27.04.2016 15:00, 134, 9.2
27.04.2016 16:00, 134, 9.3
27.04.2016 17:00, 134, 9.3
27.04.2016 18:00, 134, 9.5
27.04.2016 19:00, 133, 9.4
27.04.2016 20:00, 134, 9.3
27.04.2016 21:00, 134, 9.3
27.04.2016 22:00, 134, 9.3
27.04.2016 23:00, 134, 9.2
28.04.2016 00:00, 134, 9.1
28.04.2016 01:00, 134, 9.1
28.04.2016 02:00, 134, 9.0
28.04.2016 03:00, 134, 8.9
28.04.2016 04:00, 134, 8.8
28.04.2016 05:00, 134, 8.8
28.04.2016 06:00, 134, 8.7
28.04.2016 07:00, 133, 8.6
28.04.2016 08:00, 134, 8.7
28.04.2016 09:00, 134, 8.6
28.04.2016 10:00, 134, 8.8
28.04.2016 11:00, 134, 9.0
28.04.2016 12:00, 134, 9.1
28.04.2016 13:00, 134, 9.3
28.04.2016 14:00, 134, 9.5
28.04.2016 15:00, 134, 10.0
28.04.2016 16:00, 134, 10.3
28.04.2016 17:00, 134, 10.6
28.04.2016 18:00, 134, 10.7
28.04.2016 19:00, 134, 10.5
28.04.2016 20:00, 134, 10.1
28.04.2016 21:00, 134, 9.6
28.04.2016 22:00, 134, 9.4
28.04.2016 22:45, 134, 9.3
29.04.2016 00:00, 134, 9.3
29.04.2016 00:45, 134, 9.2
29.04.2016 02:00, 134, 9.1
29.04.2016 03:00, 134, 9.1
29.04.2016 04:00, 134, 9.1
29.04.2016 05:00, 134, 9.0
29.04.2016 06:00, 134, 8.9
29.04.2016 07:00, 134, 8.8
29.04.2016 08:00, 134, 8.8
29.04.2016 09:00, 134, 8.8
29.04.2016 10:00, 134, 9.0
29.04.2016 11:00, 134, 9.3
29.04.2016 12:00, 134, 9.4
29.04.2016 13:00, 134, 9.5
29.04.2016 14:00, 134, 9.8
29.04.2016 15:00, 134, 10.8
29.04.2016 16:00, 134, 11.3
29.04.2016 17:00, 134, 11.2
29.04.2016 18:00, 134, 11.3
29.04.2016 19:00, 134, 11.4
29.04.2016 20:00, 134, 11.1
29.04.2016 21:00, 134, 11.2
29.04.2016 22:00, 134, 11.1
29.04.2016 23:00, 134, 11.1
30.04.2016 00:00, 134, 11.0
30.04.2016 01:00, 134, 10.1
30.04.2016 02:00, 134, 9.2
30.04.2016 03:00, 134, 9.2
30.04.2016 04:00, 134, 9.2
30.04.2016 05:00, 134, 9.1
30.04.2016 06:00, 134, 9.1
30.04.2016 07:00, 134, 9.1
30.04.2016 08:00, 134, 9.1
30.04.2016 09:00, 134, 9.0
30.04.2016 10:00, 134, 9.3
30.04.2016 11:00, 134, 9.3
30.04.2016 11:45, 134, 9.7
30.04.2016 13:00, 134, 10.5
30.04.2016 14:00, 134, 10.8
30.04.2016 15:00, 134, 11.0
30.04.2016 16:00, 134, 11.3
30.04.2016 17:00, 134, 11.1
30.04.2016 18:00, 134, 10.5
30.04.2016 19:00, 134, 10.0
30.04.2016 20:00, 134, 9.5
30.04.2016 21:00, 134, 9.5
30.04.2016 22:00, 134, 9.4
30.04.2016 23:00, 134, 9.7
01.05.2016 00:00, 134, 9.6
01.05.2016 01:00, 134, 9.7
01.05.2016 02:00, 134, 9.6
01.05.2016 03:00, 134, 9.6
01.05.2016 04:00, 134, 9.9
01.05.2016 05:00, 134, 9.9
01.05.2016 06:00, 134, 9.8
01.05.2016 07:00, 134, 9.8
01.05.2016 08:00, 134, 10.0
01.05.2016 09:00, 134, 10.0
01.05.2016 10:00, 134, 10.0
01.05.2016 11:00, 134, 10.0
01.05.2016 12:00, 134, 10.1
01.05.2016 13:00, 134, 10.2
01.05.2016 14:00, 134, 10.2
01.05.2016 15:00, 134, 10.4
01.05.2016 16:00, 134, 10.5
01.05.2016 17:00, 134, 10.5
01.05.2016 18:00, 134, 10.6
01.05.2016 19:00, 134, 10.6
01.05.2016 20:00, 134, 10.6
01.05.2016 21:00, 134, 10.7
01.05.2016 22:00, 134, 10.6
01.05.2016 23:00, 135, 10.6
02.05.2016 00:00, 134, 10.6
02.05.2016 01:00, 134, 10.6
02.05.2016 02:00, 135, 10.6
02.05.2016 03:00, 135, 10.6
02.05.2016 04:00, 135, 10.6
02.05.2016 05:00, 136, 10.6
02.05.2016 06:00, 135, 10.5
02.05.2016 07:00, 135, 10.6
02.05.2016 08:00, 135, 10.6
02.05.2016 09:00, 135, 10.6
02.05.2016 10:00, 136, 10.6
02.05.2016 11:00, 136, 10.6
02.05.2016 12:00, 136, 10.6
02.05.2016 13:00, 136, 10.6
02.05.2016 14:00, 136, 10.6
02.05.2016 15:00, 136, 10.6
02.05.2016 16:00, 136, 10.6
02.05.2016 17:00, 136, 10.6
02.05.2016 18:00, 136, 10.7
02.05.2016 19:00, 136, 10.7
02.05.2016 20:00, 136, 10.7
02.05.2016 21:00, 136, 10.6
02.05.2016 22:00, 137, 10.6
02.05.2016 23:00, 137, 10.6
03.05.2016 00:00, 136, 10.6
03.05.2016 01:00, 136, 10.6
03.05.2016 02:00, 136, 10.5
03.05.2016 03:00, 136, 10.5
03.05.2016 04:00, 137, 10.1
03.05.2016 05:00, 137, 9.9
03.05.2016 06:00, 137, 9.9
03.05.2016 07:00, 137, 10.3
03.05.2016 08:00, 137, 10.4
03.05.2016 09:00, 137, 10.4
03.05.2016 10:00, 137, 10.5
03.05.2016 11:00, 137, 9.8
03.05.2016 12:00, 137, 9.7
03.05.2016 13:00, 137, 10.8
03.05.2016 14:00, 137, 10.8
03.05.2016 15:00, 136, 10.8
03.05.2016 16:00, 137, 11.0
03.05.2016 17:00, 138, 10.9
03.05.2016 18:00, 137, 10.8
03.05.2016 19:00, 137, 10.7
03.05.2016 20:00, 138, 10.7
03.05.2016 21:00, 137, 10.6
03.05.2016 22:00, 137, 10.0
03.05.2016 23:00, 139, 10.1
04.05.2016 00:00, 139, 10.1
04.05.2016 01:00, 140, 10.1
04.05.2016 02:00, 142, 10.1
04.05.2016 03:00, 143, 10.1
04.05.2016 04:00, 144, 10.1
04.05.2016 05:00, 147, 10.0
04.05.2016 06:00, 149, 10.0
04.05.2016 07:00, 149, 10.0
04.05.2016 08:00, 149, 10.0
04.05.2016 09:00, 150, 10.0
04.05.2016 10:00, 151, 10.1
04.05.2016 11:00, 151, 10.0
04.05.2016 12:00, 151, 10.0
04.05.2016 13:00, 151, 10.0
04.05.2016 14:00, 151, 10.1
04.05.2016 15:00, 151, 10.1
04.05.2016 15:45, 151, 10.2
04.05.2016 17:00, 151, 10.2
04.05.2016 18:00, 152, 10.2
04.05.2016 19:00, 151, 10.2
04.05.2016 20:00, 151, 10.2
04.05.2016 21:00, 151, 10.0
04.05.2016 22:00, 151, 9.8
04.05.2016 23:00, 151, 9.7
05.05.2016 00:00, 151, 9.6
05.05.2016 01:00, 151, 9.6
05.05.2016 02:00, 150, 9.4
05.05.2016 09:00, 149, 9.5
05.05.2016 10:00, 149, 9.5
05.05.2016 11:00, 149, 9.3
05.05.2016 12:00, 149, 9.3
05.05.2016 13:00, 148, 9.3
05.05.2016 14:00, 148, 9.4
05.05.2016 15:00, 148, 10.2
05.05.2016 16:00, 148, 10.6
05.05.2016 17:00, 148, 11.1
05.05.2016 18:00, 148, 11.1
05.05.2016 19:00, 147, 11.2
05.05.2016 20:00, 147, 11.1
05.05.2016 21:00, 147, 11.3
05.05.2016 22:00, 147, 11.3
05.05.2016 23:00, 146, 11.3
06.05.2016 00:00, 147, 11.3
06.05.2016 01:00, 146, 11.3
06.05.2016 02:00, 146, 10.3
06.05.2016 03:00, 146, 10.0
06.05.2016 04:00, 146, 10.6
06.05.2016 05:00, 146, 10.5
06.05.2016 06:00, 146, 10.3
06.05.2016 07:00, 145, 10.5
06.05.2016 08:00, 145, 10.8
06.05.2016 09:00, 145, 11.0
06.05.2016 10:00, 145, 11.2
06.05.2016 11:00, 145, 11.1
06.05.2016 12:00, 145, 11.1
06.05.2016 12:45, 145, 11.1
06.05.2016 14:00, 145, 11.1
06.05.2016 15:00, 144, 10.7
06.05.2016 16:00, 144, 10.1
06.05.2016 17:00, 144, 10.1
06.05.2016 18:00, 144, 9.7
06.05.2016 19:00, 144, 9.5
06.05.2016 20:00, 143, 9.5
06.05.2016 21:00, 143, 10.0
06.05.2016 22:00, 143, 10.3
06.05.2016 23:00, 143, 10.2
07.05.2016 00:00, 143, 10.2
07.05.2016 01:00, 143, 10.4
07.05.2016 02:00, 143, 10.6
07.05.2016 03:00, 142, 10.5
07.05.2016 04:00, 142, 10.6
07.05.2016 05:00, 142, 10.8
07.05.2016 06:00, 142, 10.9
07.05.2016 07:00, 142, 10.2
07.05.2016 08:00, 142, 10.5
07.05.2016 09:00, 141, 10.3
07.05.2016 10:00, 141, 11.0
07.05.2016 11:00, 141, 11.4
07.05.2016 12:00, 141, 11.6
07.05.2016 13:00, 141, 11.8
07.05.2016 14:00, 141, 13.0
07.05.2016 15:00, 141, 13.6
07.05.2016 15:15, 141, 13.5
07.05.2016 17:00, 141, 13.7
07.05.2016 18:00, 140, 13.6
07.05.2016 19:00, 140, 13.3
07.05.2016 20:00, 140, 12.3
07.05.2016 21:00, 140, 11.8
07.05.2016 22:00, 140, 11.1
07.05.2016 23:00, 140, 10.4
08.05.2016 00:00, 140, 9.9
08.05.2016 01:00, 139, 9.7
08.05.2016 02:00, 139, 9.8
08.05.2016 03:00, 139, 11.3
08.05.2016 04:00, 139, 11.1
08.05.2016 05:00, 139, 11.3
08.05.2016 06:00, 139, 11.5
08.05.2016 07:00, 139, 11.9
08.05.2016 08:00, 139, 12.2
08.05.2016 09:00, 139, 12.3
08.05.2016 10:00, 138, 12.6
08.05.2016 11:00, 139, 12.9
08.05.2016 12:00, 138, 13.2
08.05.2016 13:00, 139, 13.4
08.05.2016 14:00, 138, 14.1
08.05.2016 15:00, 138, 14.1
08.05.2016 16:00, 138, 14.6
08.05.2016 17:00, 138, 14.7
08.05.2016 18:00, 137, 14.6
08.05.2016 19:00, 137, 14.5
08.05.2016 20:00, 137, 14.1
08.05.2016 21:00, 137, 13.6
08.05.2016 22:00, 137, 13.5
08.05.2016 23:00, 137, 13.4
09.05.2016 00:00, 137, 12.9
09.05.2016 01:00, 137, 13.0
09.05.2016 02:00, 137, 13.3
09.05.2016 03:00, 136, 12.6
09.05.2016 04:00, 136, 11.8
09.05.2016 05:00, 136, 11.5
09.05.2016 06:00, 136, 12.7
09.05.2016 07:00, 136, 12.6
09.05.2016 08:00, 136, 12.6
09.05.2016 09:00, 136, 12.6
09.05.2016 10:00, 136, 12.9
09.05.2016 11:00, 136, 12.5
09.05.2016 12:00, 135, 11.9
09.05.2016 13:00, 135, 10.8
09.05.2016 14:00, 135, 10.8
09.05.2016 15:00, 135, 10.9
09.05.2016 16:00, 135, 11.1
09.05.2016 17:00, 135, 12.1
09.05.2016 18:00, 136, 14.6
09.05.2016 19:00, 135, 14.3
09.05.2016 20:00, 135, 13.5
09.05.2016 21:00, 135, 13.4
09.05.2016 22:00, 135, 13.5
09.05.2016 23:00, 135, 13.5
10.05.2016 00:00, 135, 13.4
10.05.2016 01:00, 134, 13.4
10.05.2016 02:00, 134, 13.4
10.05.2016 03:00, 134, 13.3
10.05.2016 04:00, 134, 13.3
10.05.2016 05:00, 134, 13.3
10.05.2016 06:00, 134, 13.3
10.05.2016 07:00, 134, 13.3
10.05.2016 08:00, 134, 13.3
10.05.2016 09:00, 134, 13.4
10.05.2016 10:00, 134, 13.5
10.05.2016 11:00, 134, 13.5
10.05.2016 12:00, 134, 13.3
10.05.2016 13:00, 134, 14.1
10.05.2016 14:00, 134, 14.0
10.05.2016 15:00, 133, 13.8
10.05.2016 16:00, 133, 13.6
10.05.2016 17:00, 134, 13.5
10.05.2016 18:00, 134, 14.4
10.05.2016 19:00, 134, 14.3
10.05.2016 20:00, 134, 14.3
10.05.2016 21:00, 133, 14.3
10.05.2016 22:00, 133, 14.3
10.05.2016 23:00, 133, 14.2
11.05.2016 00:00, 133, 14.2
11.05.2016 01:00, 133, 14.2
11.05.2016 02:00, 133, 14.2
11.05.2016 03:00, 133, 14.1
11.05.2016 04:00, 133, 14.1
11.05.2016 05:00, 134, 14.0
11.05.2016 06:00, 133, 14.0
11.05.2016 07:00, 133, 14.0
11.05.2016 08:00, 133, 14.0
11.05.2016 09:00, 133, 14.1
11.05.2016 10:00, 133, 14.3
11.05.2016 11:00, 133, 14.5
11.05.2016 12:00, 133, 14.8
11.05.2016 13:00, 133, 15.0
11.05.2016 14:00, 134, 15.3
11.05.2016 15:00, 135, 15.5
11.05.2016 16:00, 133, 15.8
11.05.2016 17:00, 133, 16.3
11.05.2016 18:00, 133, 16.2
11.05.2016 19:00, 133, 16.0
11.05.2016 20:00, 133, 15.8
11.05.2016 21:00, 133, 16.0
11.05.2016 22:00, 133, 16.0
11.05.2016 23:00, 133, 15.7
12.05.2016 00:00, 133, 15.9
12.05.2016 01:00, 133, 15.7
12.05.2016 02:00, 133, 15.7
12.05.2016 03:00, 133, 15.6
12.05.2016 04:00, 133, 15.5
12.05.2016 05:00, 133, 15.5
12.05.2016 06:00, 133, 15.3
12.05.2016 07:00, 133, 15.2
12.05.2016 08:00, 132, 14.0
12.05.2016 09:00, 133, 15.2
12.05.2016 10:00, 132, 14.0
12.05.2016 11:00, 133, 15.6
12.05.2016 12:00, 133, 15.2
12.05.2016 13:00, 133, 15.9
12.05.2016 14:00, 133, 15.7
12.05.2016 15:00, 133, 15.7
12.05.2016 16:00, 133, 16.2
12.05.2016 17:00, 133, 16.2
12.05.2016 18:00, 132, 16.1
12.05.2016 19:00, 135, 15.9
12.05.2016 20:00, 135, 15.7
12.05.2016 21:00, 134, 15.6
12.05.2016 22:00, 134, 15.5
12.05.2016 23:00, 134, 15.5
13.05.2016 00:00, 134, 15.5
13.05.2016 01:00, 135, 15.4
13.05.2016 02:00, 135, 15.4
13.05.2016 03:00, 135, 15.3
13.05.2016 04:00, 136, 14.1
13.05.2016 05:00, 136, 13.7
13.05.2016 06:00, 137, 13.6
13.05.2016 07:00, 137, 13.5
13.05.2016 08:00, 138, 13.2
13.05.2016 09:00, 138, 13.8
13.05.2016 10:00, 139, 13.9
13.05.2016 11:00, 140, 12.9
13.05.2016 12:00, 140, 13.9
13.05.2016 13:00, 141, 14.0
13.05.2016 14:00, 142, 14.0
13.05.2016 15:00, 143, 13.9
13.05.2016 16:00, 144, 13.8
13.05.2016 17:00, 144, 13.8
13.05.2016 18:00, 145, 13.9
13.05.2016 19:00, 145, 14.1
13.05.2016 20:00, 146, 14.0
13.05.2016 21:00, 146, 14.0
13.05.2016 22:00, 147, 14.0
13.05.2016 23:00, 148, 14.0
14.05.2016 00:00, 148, 14.0
14.05.2016 00:45, 148, 14.0
14.05.2016 02:00, 149, 13.9
14.05.2016 03:00, 150, 13.9
14.05.2016 04:00, 150, 13.9
14.05.2016 05:00, 151, 13.8
14.05.2016 06:00, 150, 13.8
14.05.2016 07:00, 151, 13.8
14.05.2016 08:00, 151, 13.8
14.05.2016 09:00, 150, 13.7
14.05.2016 10:00, 151, 13.7
14.05.2016 11:00, 153, 13.7
14.05.2016 12:00, 152, 13.7
14.05.2016 13:00, 152, 13.7
14.05.2016 14:00, 153, 13.8
14.05.2016 15:00, 154, 13.8
14.05.2016 16:00, 154, 14.1
14.05.2016 17:00, 154, 14.1
14.05.2016 18:00, 154, 13.9
14.05.2016 19:00, 154, 13.8
14.05.2016 20:00, 154, 13.8
14.05.2016 21:00, 154, 13.8
14.05.2016 22:00, 154, 13.7
14.05.2016 23:00, 154, 13.6
15.05.2016 00:00, 156, 13.5
15.05.2016 00:45, 155, 13.5
15.05.2016 02:00, 155, 13.5
15.05.2016 03:00, 155, 13.5
15.05.2016 04:00, 155, 13.5
15.05.2016 05:00, 155, 13.4
15.05.2016 06:00, 155, 13.3
15.05.2016 07:00, 155, 13.3
15.05.2016 08:00, 155, 13.3
15.05.2016 09:00, 156, 13.2
15.05.2016 10:00, 155, 13.1
15.05.2016 11:00, 154, 13.2
15.05.2016 12:00, 155, 13.2
15.05.2016 13:00, 155, 13.1
15.05.2016 14:00, 154, 13.4
15.05.2016 15:00, 154, 13.2
15.05.2016 16:00, 154, 13.2
15.05.2016 17:00, 154, 13.1
15.05.2016 18:00, 153, 13.1
15.05.2016 19:00, 153, 13.0
15.05.2016 20:00, 153, 13.0
15.05.2016 21:00, 153, 12.9
15.05.2016 22:00, 152, 12.9
15.05.2016 23:00, 152, 12.9
16.05.2016 00:00, 152, 12.8
16.05.2016 01:00, 151, 12.8
16.05.2016 02:00, 151, 12.7
16.05.2016 03:00, 151, 12.6
16.05.2016 04:00, 151, 12.6
16.05.2016 05:00, 151, 12.5
16.05.2016 06:00, 150, 12.6
16.05.2016 07:00, 150, 12.5
16.05.2016 08:00, 150, 12.5
16.05.2016 09:00, 149, 12.5
16.05.2016 10:00, 149, 12.5
16.05.2016 11:00, 149, 12.5
16.05.2016 12:00, 148, 12.4
16.05.2016 13:00, 148, 12.5
16.05.2016 14:00, 149, 12.4
16.05.2016 15:00, 148, 12.5
16.05.2016 16:00, 148, 12.5
16.05.2016 17:00, 148, 12.5
16.05.2016 18:00, 147, 12.6
16.05.2016 19:00, 147, 12.6
16.05.2016 20:00, 146, 12.5
16.05.2016 21:00, 147, 12.5
16.05.2016 22:00, 147, 12.5
16.05.2016 23:00, 147, 12.4
17.05.2016 00:00, 147, 12.4
17.05.2016 01:00, 146, 12.3
17.05.2016 02:00, 146, 12.3
17.05.2016 03:00, 146, 12.3
17.05.2016 04:00, 146, 12.2
17.05.2016 05:00, 146, 12.2
17.05.2016 06:00, 146, 12.2
17.05.2016 07:00, 146, 12.2
17.05.2016 08:00, 146, 12.2
17.05.2016 09:00, 146, 12.2
17.05.2016 10:00, 146, 12.2
17.05.2016 11:00, 146, 12.3
17.05.2016 12:00, 146, 12.3
17.05.2016 13:00, 145, 12.5
17.05.2016 14:00, 145, 12.4
17.05.2016 15:00, 145, 12.6
17.05.2016 16:00, 145, 12.6
17.05.2016 17:00, 145, 12.6
17.05.2016 18:00, 145, 12.6
17.05.2016 19:00, 145, 12.6
17.05.2016 20:00, 145, 12.5
17.05.2016 21:00, 145, 12.4
17.05.2016 22:00, 145, 12.4
17.05.2016 23:00, 144, 12.4
18.05.2016 00:00, 144, 12.4
18.05.2016 01:00, 144, 12.3
18.05.2016 02:00, 144, 12.3
18.05.2016 03:00, 144, 12.3
18.05.2016 04:00, 144, 12.2
18.05.2016 05:00, 144, 12.2
18.05.2016 06:00, 144, 12.1
18.05.2016 07:00, 144, 12.2
18.05.2016 08:00, 144, 12.1
18.05.2016 09:00, 143, 12.3
18.05.2016 10:00, 143, 12.4
18.05.2016 11:00, 143, 12.4
18.05.2016 12:00, 143, 12.4
18.05.2016 13:00, 143, 12.9
18.05.2016 14:00, 143, 13.4
18.05.2016 15:00, 143, 13.2
18.05.2016 16:00, 143, 13.5
18.05.2016 17:00, 142, 13.7
18.05.2016 18:00, 142, 14.0
18.05.2016 19:00, 142, 14.3
18.05.2016 20:00, 142, 14.5
18.05.2016 21:00, 142, 14.7
18.05.2016 22:00, 142, 14.6
18.05.2016 23:00, 142, 14.5
19.05.2016 00:00, 141, 14.5
19.05.2016 01:00, 141, 14.5
19.05.2016 02:00, 141, 14.3
19.05.2016 03:00, 141, 13.6
19.05.2016 04:00, 141, 13.5
19.05.2016 05:00, 141, 13.9
19.05.2016 06:00, 141, 13.3
19.05.2016 07:00, 140, 12.8
19.05.2016 08:00, 140, 12.8
19.05.2016 09:00, 141, 13.3
19.05.2016 10:00, 140, 13.2
19.05.2016 11:00, 140, 13.3
19.05.2016 12:00, 139, 13.3
19.05.2016 12:45, 140, 13.4
19.05.2016 14:00, 140, 13.4
19.05.2016 15:00, 138, 13.4
19.05.2016 16:00, 141, 13.2
19.05.2016 17:00, 140, 13.2
19.05.2016 18:00, 141, 13.2
19.05.2016 19:00, 140, 13.2
19.05.2016 20:00, 140, 13.1
19.05.2016 21:00, 139, 13.1
19.05.2016 22:00, 139, 13.1
19.05.2016 23:00, 139, 13.1
20.05.2016 00:00, 140, 13.0
20.05.2016 01:00, 140, 13.0
20.05.2016 02:00, 140, 13.0
20.05.2016 03:00, 140, 13.0
20.05.2016 04:00, 140, 13.0
20.05.2016 05:00, 140, 13.0
20.05.2016 06:00, 140, 12.8
20.05.2016 07:00, 140, 12.8
20.05.2016 08:00, 140, 12.7
20.05.2016 09:00, 140, 12.7
20.05.2016 10:00, 140, 12.2
20.05.2016 11:00, 140, 11.8
20.05.2016 12:00, 141, 12.1
20.05.2016 13:00, 141, 12.5
20.05.2016 14:00, 141, 12.7
20.05.2016 15:00, 141, 12.5
20.05.2016 16:00, 141, 12.9
20.05.2016 17:00, 141, 12.9
20.05.2016 18:00, 141, 12.6
20.05.2016 19:00, 141, 12.8
20.05.2016 20:00, 141, 12.6
20.05.2016 21:00, 141, 12.1
20.05.2016 22:00, 141, 11.9
20.05.2016 23:00, 141, 11.7
21.05.2016 00:00, 141, 12.0
21.05.2016 01:00, 141, 12.3
21.05.2016 01:30, 141, 12.3
21.05.2016 03:00, 141, 12.3
21.05.2016 04:00, 141, 12.2
21.05.2016 05:00, 141, 12.1
21.05.2016 06:00, 141, 11.8
21.05.2016 07:00, 141, 12.0
21.05.2016 08:00, 141, 11.9
21.05.2016 09:00, 141, 11.9
21.05.2016 10:00, 141, 11.9
21.05.2016 11:00, 141, 12.4
21.05.2016 11:00, 141, 12.4
21.05.2016 11:45, 141, 12.6
21.05.2016 11:45, 141, 12.6
21.05.2016 11:45, 141, 12.6
21.05.2016 11:45, 141, 12.6
21.05.2016 11:45, 141, 12.6
21.05.2016 18:00, 140, 15.0
21.05.2016 19:00, 140, 15.0
21.05.2016 20:00, 140, 15.2
21.05.2016 21:00, 140, 14.7
21.05.2016 22:00, 139, 14.1
21.05.2016 23:00, 139, 13.9
22.05.2016 00:00, 139, 13.9
22.05.2016 01:00, 139, 14.3
22.05.2016 02:00, 139, 13.1
22.05.2016 03:00, 139, 13.2
22.05.2016 04:00, 139, 13.3
22.05.2016 05:00, 138, 13.1
22.05.2016 06:00, 138, 13.2
22.05.2016 07:00, 138, 13.2
22.05.2016 08:00, 138, 13.1
22.05.2016 09:00, 138, 12.9
22.05.2016 10:00, 138, 12.8
22.05.2016 11:00, 138, 12.8
22.05.2016 12:00, 138, 12.6
22.05.2016 13:00, 138, 12.3
22.05.2016 14:00, 138, 12.4
22.05.2016 15:00, 138, 12.0
22.05.2016 16:00, 138, 11.8
22.05.2016 17:00, 137, 12.1
22.05.2016 18:00, 138, 12.8
22.05.2016 19:00, 137, 13.2
22.05.2016 20:00, 137, 14.1
22.05.2016 21:00, 137, 14.9
22.05.2016 22:00, 137, 15.0
22.05.2016 23:00, 137, 15.0
23.05.2016 00:00, 137, 15.2
23.05.2016 01:00, 136, 15.1
23.05.2016 02:00, 136, 15.0
23.05.2016 03:00, 137, 15.0
23.05.2016 04:00, 137, 15.0
23.05.2016 05:00, 138, 14.8
23.05.2016 06:00, 137, 14.7
23.05.2016 07:00, 137, 15.0
23.05.2016 08:00, 136, 15.1
23.05.2016 09:00, 136, 15.2
23.05.2016 10:00, 136, 15.0
23.05.2016 11:00, 135, 15.2
23.05.2016 12:00, 135, 15.3
23.05.2016 13:00, 136, 15.5
23.05.2016 14:00, 136, 15.5
23.05.2016 15:00, 136, 15.4
23.05.2016 15:45, 137, 15.5
23.05.2016 17:00, 137, 14.9
23.05.2016 18:00, 137, 14.8
23.05.2016 19:00, 137, 14.7
23.05.2016 20:00, 135, 14.6
23.05.2016 21:00, 136, 14.6
23.05.2016 22:00, 136, 14.6
23.05.2016 23:00, 136, 14.6
24.05.2016 00:00, 136, 13.6
24.05.2016 01:00, 136, 12.9
24.05.2016 02:00, 136, 13.9
24.05.2016 03:00, 136, 14.2
24.05.2016 04:00, 137, 14.1
24.05.2016 05:00, 137, 13.9
24.05.2016 06:00, 137, 13.4
24.05.2016 07:00, 138, 13.4
24.05.2016 08:00, 138, 12.2
24.05.2016 09:00, 139, 11.7
24.05.2016 10:00, 140, 11.5
24.05.2016 11:00, 140, 11.3
24.05.2016 12:00, 140, 12.0
24.05.2016 13:00, 140, 11.7
24.05.2016 14:00, 141, 12.1
24.05.2016 15:00, 140, 12.2
24.05.2016 16:00, 141, 12.3
24.05.2016 17:00, 141, 12.3
24.05.2016 18:00, 141, 12.3
24.05.2016 19:00, 142, 12.5
24.05.2016 20:00, 142, 12.5
24.05.2016 21:00, 142, 12.4
24.05.2016 22:00, 142, 12.5
24.05.2016 23:00, 142, 12.5
25.05.2016 00:00, 142, 12.5
25.05.2016 01:00, 143, 12.7
25.05.2016 02:00, 143, 12.8
25.05.2016 03:00, 142, 12.8
25.05.2016 04:00, 142, 12.7
25.05.2016 05:00, 142, 12.8
25.05.2016 06:00, 143, 12.8
25.05.2016 07:00, 143, 12.8
25.05.2016 08:00, 142, 12.6
25.05.2016 09:00, 142, 12.4
25.05.2016 10:00, 142, 12.4
25.05.2016 11:00, 142, 12.5
25.05.2016 12:00, 142, 12.7
25.05.2016 13:00, 142, 13.4
25.05.2016 14:00, 142, 13.8
25.05.2016 15:00, 142, 14.2
25.05.2016 16:00, 142, 14.3
25.05.2016 17:00, 142, 15.1
25.05.2016 18:00, 142, 15.4
25.05.2016 19:00, 142, 15.4
25.05.2016 20:00, 142, 15.1
25.05.2016 21:00, 141, 15.0
25.05.2016 22:00, 141, 14.9
25.05.2016 23:00, 141, 14.7
26.05.2016 00:00, 141, 14.6
26.05.2016 01:00, 141, 14.6
26.05.2016 02:00, 141, 14.6
26.05.2016 03:00, 141, 14.4
26.05.2016 04:00, 141, 14.4
26.05.2016 05:00, 141, 14.3
26.05.2016 06:00, 140, 14.0
26.05.2016 07:00, 140, 14.1
26.05.2016 08:00, 140, 13.5
26.05.2016 09:00, 140, 13.9
26.05.2016 10:00, 140, 14.6
26.05.2016 11:00, 140, 14.8
26.05.2016 12:00, 140, 15.0
26.05.2016 13:00, 140, 15.0
26.05.2016 14:00, 140, 15.1
26.05.2016 15:00, 140, 15.4
26.05.2016 16:00, 140, 16.3
26.05.2016 17:00, 139, 16.8
26.05.2016 18:00, 139, 17.1
26.05.2016 19:00, 139, 17.1
26.05.2016 20:00, 139, 17.6
26.05.2016 21:00, 139, 17.5
26.05.2016 22:00, 139, 16.0
26.05.2016 23:00, 139, 16.4
27.05.2016 00:00, 138, 15.5
27.05.2016 01:00, 138, 14.7
27.05.2016 02:00, 138, 14.3
27.05.2016 03:00, 138, 14.3
27.05.2016 04:00, 138, 14.2
27.05.2016 05:00, 138, 14.0
27.05.2016 06:00, 137, 13.9
27.05.2016 07:00, 137, 13.8
27.05.2016 08:00, 137, 13.7
27.05.2016 09:00, 137, 13.7
27.05.2016 10:00, 137, 14.2
27.05.2016 11:00, 137, 15.3
27.05.2016 12:00, 137, 15.8
27.05.2016 13:00, 137, 15.7
27.05.2016 14:00, 137, 15.9
27.05.2016 15:00, 137, 17.9
27.05.2016 16:00, 137, 17.8
27.05.2016 17:00, 137, 17.8
27.05.2016 18:00, 137, 18.1
27.05.2016 19:00, 137, 18.3
27.05.2016 20:00, 136, 18.7
27.05.2016 20:45, 136, 18.8
27.05.2016 22:00, 136, 19.1
27.05.2016 23:00, 136, 18.8
28.05.2016 00:00, 136, 18.4
28.05.2016 01:00, 136, 17.7
28.05.2016 02:00, 136, 17.3
28.05.2016 03:00, 135, 17.3
28.05.2016 04:00, 135, 17.2
28.05.2016 05:00, 135, 16.9
28.05.2016 06:00, 135, 17.1
28.05.2016 07:00, 135, 17.0
28.05.2016 08:00, 135, 17.1
28.05.2016 09:00, 135, 17.3
28.05.2016 10:00, 135, 17.4
28.05.2016 11:00, 135, 17.6
28.05.2016 12:00, 135, 18.0
28.05.2016 13:00, 135, 18.2
28.05.2016 14:00, 135, 18.6
28.05.2016 15:00, 135, 18.9
28.05.2016 16:00, 135, 19.5
28.05.2016 17:00, 135, 20.0
28.05.2016 18:00, 135, 19.7
28.05.2016 19:00, 136, 19.6
28.05.2016 20:00, 136, 19.0
28.05.2016 21:00, 135, 15.3
28.05.2016 22:00, 135, 17.2
28.05.2016 23:00, 135, 18.0
29.05.2016 00:00, 135, 15.9
29.05.2016 01:00, 135, 15.7
29.05.2016 02:00, 135, 15.3
29.05.2016 03:00, 135, 17.7
29.05.2016 04:00, 135, 16.4
29.05.2016 05:00, 134, 16.1
29.05.2016 06:00, 134, 16.9
29.05.2016 07:00, 135, 16.6
29.05.2016 08:00, 135, 16.7
29.05.2016 09:00, 135, 17.0
29.05.2016 10:00, 135, 17.2
29.05.2016 11:00, 135, 18.1
29.05.2016 12:00, 135, 18.1
29.05.2016 13:00, 135, 18.3
29.05.2016 14:00, 134, 18.8
29.05.2016 15:00, 134, 18.6
29.05.2016 16:00, 134, 16.8
29.05.2016 17:00, 134, 16.2
29.05.2016 18:00, 134, 18.4
29.05.2016 19:00, 135, 18.3
29.05.2016 20:00, 134, 18.2
29.05.2016 21:00, 134, 18.3
29.05.2016 22:00, 135, 18.2
29.05.2016 23:00, 134, 18.1
30.05.2016 00:00, 133, 18.0
30.05.2016 00:45, 134, 18.1
30.05.2016 02:00, 134, 18.0
30.05.2016 03:00, 134, 18.0
30.05.2016 04:00, 134, 18.0
30.05.2016 05:00, 134, 17.9
30.05.2016 05:45, 134, 17.8
30.05.2016 07:00, 133, 17.8
30.05.2016 08:00, 134, 17.7
30.05.2016 09:00, 134, 17.7
30.05.2016 10:00, 134, 17.8
30.05.2016 11:00, 134, 18.0
30.05.2016 12:00, 134, 17.8
30.05.2016 13:00, 134, 16.8
30.05.2016 14:00, 134, 17.4
30.05.2016 15:00, 134, 17.8
30.05.2016 16:00, 134, 17.3
30.05.2016 17:00, 134, 18.2
30.05.2016 18:00, 134, 17.4
30.05.2016 19:00, 134, 17.6
30.05.2016 20:00, 134, 17.3
30.05.2016 21:00, 134, 17.4
30.05.2016 21:45, 134, 17.6
30.05.2016 23:00, 134, 17.5
31.05.2016 00:00, 134, 17.5
31.05.2016 00:45, 134, 17.5
31.05.2016 02:00, 134, 17.4
31.05.2016 03:00, 134, 17.4
31.05.2016 04:00, 134, 17.4
31.05.2016 05:00, 134, 17.4
31.05.2016 06:00, 134, 17.4
31.05.2016 07:00, 134, 17.3
31.05.2016 08:00, 134, 17.3
31.05.2016 09:00, 133, 17.3
31.05.2016 10:00, 133, 17.4
31.05.2016 11:00, 133, 15.9
31.05.2016 12:00, 133, 17.4
31.05.2016 13:00, 134, 17.5
31.05.2016 14:00, 134, 17.5
31.05.2016 15:00, 134, 17.6
31.05.2016 16:00, 134, 17.7
31.05.2016 17:00, 134, 17.7
31.05.2016 18:00, 133, 17.8
31.05.2016 19:00, 133, 17.8
31.05.2016 20:00, 133, 17.8
31.05.2016 21:00, 133, 17.7
31.05.2016 22:00, 133, 17.7
31.05.2016 23:00, 133, 17.7
01.06.2016 00:00, 133, 17.6
01.06.2016 00:45, 133, 17.6
01.06.2016 02:00, 133, 17.5
01.06.2016 03:00, 133, 17.5
01.06.2016 04:00, 133, 17.4
01.06.2016 05:00, 133, 17.3
01.06.2016 06:00, 133, 17.3
01.06.2016 07:00, 134, 17.3
01.06.2016 08:00, 134, 17.3
01.06.2016 09:00, 134, 17.2
01.06.2016 10:00, 134, 17.2
01.06.2016 11:00, 135, 17.2
01.06.2016 12:00, 136, 17.1
01.06.2016 13:00, 137, 17.2
01.06.2016 14:00, 138, 17.2
01.06.2016 15:00, 139, 17.2
01.06.2016 16:00, 140, 17.2
01.06.2016 17:00, 140, 17.0
01.06.2016 18:00, 141, 16.8
01.06.2016 19:00, 141, 16.5
01.06.2016 20:00, 141, 15.7
01.06.2016 21:00, 142, 15.3
01.06.2016 22:00, 142, 15.1
01.06.2016 23:00, 141, 14.6
02.06.2016 00:00, 142, 14.2
02.06.2016 00:30, 142, 13.9
02.06.2016 02:00, 142, 15.1
02.06.2016 03:00, 142, 14.6
02.06.2016 04:00, 142, 14.7
02.06.2016 05:00, 142, 14.6
02.06.2016 06:00, 142, 15.0
02.06.2016 07:00, 142, 15.5
02.06.2016 08:00, 142, 15.2
02.06.2016 09:00, 142, 15.1
02.06.2016 10:00, 142, 15.7
02.06.2016 11:00, 142, 15.9
02.06.2016 12:00, 142, 16.0
02.06.2016 13:00, 142, 16.1
02.06.2016 14:00, 142, 16.3
02.06.2016 15:00, 141, 17.2
02.06.2016 16:00, 142, 17.3
02.06.2016 17:00, 142, 17.1
02.06.2016 18:00, 142, 17.4
02.06.2016 19:00, 141, 17.4
02.06.2016 20:00, 141, 17.5
02.06.2016 21:00, 141, 17.4
02.06.2016 22:00, 141, 17.4
02.06.2016 23:00, 141, 17.4
03.06.2016 00:00, 141, 17.4
03.06.2016 00:45, 141, 17.4
03.06.2016 02:00, 141, 17.3
03.06.2016 03:00, 140, 17.2
03.06.2016 04:00, 140, 17.2
03.06.2016 05:00, 140, 17.2
03.06.2016 06:00, 140, 17.1
03.06.2016 07:00, 140, 17.1
03.06.2016 08:00, 140, 17.1
03.06.2016 09:00, 140, 17.1
03.06.2016 10:00, 140, 16.7
03.06.2016 11:00, 140, 16.6
03.06.2016 12:00, 140, 16.6
03.06.2016 13:00, 139, 16.7
03.06.2016 14:00, 139, 16.9
03.06.2016 15:00, 139, 16.9
03.06.2016 16:00, 139, 17.4
03.06.2016 17:00, 139, 17.5
03.06.2016 18:00, 139, 17.5
03.06.2016 19:00, 139, 17.5
03.06.2016 20:00, 139, 17.7
03.06.2016 21:00, 138, 17.7
03.06.2016 22:00, 138, 17.6
03.06.2016 23:00, 139, 17.6
04.06.2016 00:00, 138, 17.6
04.06.2016 00:45, 138, 17.6
04.06.2016 02:00, 138, 17.6
04.06.2016 03:00, 138, 17.5
04.06.2016 04:00, 138, 17.5
04.06.2016 05:00, 138, 17.5
04.06.2016 06:00, 138, 17.5
04.06.2016 07:00, 138, 17.4
04.06.2016 08:00, 138, 17.4
04.06.2016 09:00, 138, 17.4
04.06.2016 10:00, 138, 17.6
04.06.2016 11:00, 137, 17.8
04.06.2016 12:00, 137, 17.9
04.06.2016 13:00, 137, 18.1
04.06.2016 14:00, 137, 18.4
04.06.2016 16:00, 137, 18.6
04.06.2016 17:00, 137, 18.4
04.06.2016 18:00, 137, 17.5
04.06.2016 19:00, 137, 17.0
04.06.2016 20:00, 136, 17.3
04.06.2016 21:00, 136, 17.2
04.06.2016 22:00, 137, 17.6
04.06.2016 23:00, 136, 16.7
05.06.2016 00:00, 136, 16.9
05.06.2016 00:45, 136, 17.1
05.06.2016 02:00, 136, 16.5
05.06.2016 03:00, 136, 16.2
05.06.2016 04:00, 136, 16.1
05.06.2016 05:00, 136, 16.2
05.06.2016 06:00, 136, 17.0
05.06.2016 07:00, 136, 17.1
05.06.2016 08:00, 136, 16.8
05.06.2016 09:00, 135, 16.7
05.06.2016 10:00, 135, 16.8
05.06.2016 11:00, 135, 16.8
05.06.2016 12:00, 136, 17.2
05.06.2016 13:00, 136, 17.3
05.06.2016 14:00, 135, 17.4
05.06.2016 15:00, 135, 17.4
05.06.2016 16:00, 135, 17.5
05.06.2016 17:00, 135, 17.7
05.06.2016 18:00, 135, 17.8
05.06.2016 19:00, 135, 17.7
05.06.2016 20:00, 135, 17.7
05.06.2016 21:00, 135, 17.0
05.06.2016 22:00, 135, 17.3
05.06.2016 23:00, 135, 17.4
06.06.2016 00:00, 135, 17.4
06.06.2016 00:45, 135, 17.4
06.06.2016 02:00, 135, 17.4
06.06.2016 03:00, 135, 17.3
06.06.2016 04:00, 135, 17.3
06.06.2016 05:00, 135, 17.3
06.06.2016 06:00, 135, 17.3
06.06.2016 07:00, 135, 17.2
06.06.2016 08:00, 135, 17.2
06.06.2016 09:00, 135, 17.2
06.06.2016 10:00, 135, 17.5
06.06.2016 11:00, 135, 17.4
06.06.2016 12:00, 135, 18.1
06.06.2016 13:00, 135, 18.5
06.06.2016 14:00, 135, 18.8
06.06.2016 15:00, 134, 18.9
06.06.2016 16:00, 135, 19.9
06.06.2016 17:00, 135, 20.3
06.06.2016 18:00, 136, 20.8
06.06.2016 18:45, 135, 20.9
06.06.2016 20:00, 135, 20.6
06.06.2016 21:00, 135, 20.5
06.06.2016 22:00, 135, 20.4
06.06.2016 23:00, 134, 19.0
06.06.2016 23:45, 134, 18.8
07.06.2016 00:45, 134, 18.0
07.06.2016 02:00, 134, 17.4
07.06.2016 03:00, 134, 17.1
07.06.2016 04:00, 134, 18.1
07.06.2016 05:00, 134, 18.1
07.06.2016 06:00, 134, 17.7
07.06.2016 07:00, 134, 17.7
07.06.2016 08:00, 133, 17.6
07.06.2016 09:00, 134, 17.6
07.06.2016 10:00, 134, 18.0
07.06.2016 11:00, 134, 18.3
07.06.2016 12:00, 134, 18.6
07.06.2016 13:00, 134, 18.9
07.06.2016 14:00, 133, 19.3
07.06.2016 15:00, 134, 19.9
07.06.2016 16:00, 134, 20.4
07.06.2016 17:00, 134, 20.8
07.06.2016 18:00, 134, 21.0
07.06.2016 19:00, 134, 21.0
07.06.2016 20:00, 133, 20.9
07.06.2016 21:00, 133, 20.7
07.06.2016 22:00, 133, 20.3
07.06.2016 23:00, 133, 19.3
08.06.2016 00:00, 133, 18.8
08.06.2016 00:45, 133, 18.4
08.06.2016 02:00, 133, 18.6
08.06.2016 03:00, 133, 18.9
08.06.2016 04:00, 133, 18.6
08.06.2016 05:00, 133, 18.6
08.06.2016 06:00, 133, 18.5
08.06.2016 07:00, 133, 18.4
08.06.2016 08:00, 133, 18.4
08.06.2016 09:00, 133, 18.5
08.06.2016 10:00, 133, 18.7
08.06.2016 11:00, 133, 19.1
08.06.2016 12:00, 133, 19.2
08.06.2016 13:00, 133, 19.8
08.06.2016 14:00, 133, 20.1
08.06.2016 14:45, 133, 20.7
08.06.2016 14:45, 133, 20.7
08.06.2016 14:45, 133, 20.7
08.06.2016 14:45, 133, 20.7
08.06.2016 14:45, 133, 20.7
08.06.2016 14:45, 133, 20.7
08.06.2016 14:45, 133, 20.7
08.06.2016 22:00, 132, 19.8
08.06.2016 23:00, 132, 19.8
09.06.2016 00:00, 133, 19.7
09.06.2016 00:45, 133, 19.6
09.06.2016 02:00, 133, 19.5
09.06.2016 03:00, 133, 19.5
09.06.2016 04:00, 133, 19.5
09.06.2016 05:00, 132, 19.4
09.06.2016 06:00, 132, 19.4
09.06.2016 07:00, 133, 19.3
09.06.2016 08:00, 133, 19.3
09.06.2016 09:00, 133, 19.2
09.06.2016 10:00, 133, 19.2
09.06.2016 11:00, 133, 19.1
09.06.2016 12:00, 133, 19.2
09.06.2016 13:00, 133, 19.1
09.06.2016 14:00, 133, 19.2
09.06.2016 15:00, 133, 19.2
09.06.2016 16:00, 133, 19.2
09.06.2016 17:00, 133, 19.2
09.06.2016 18:00, 133, 19.1
09.06.2016 19:00, 134, 19.1
09.06.2016 20:00, 133, 19.1
09.06.2016 21:00, 133, 19.0
09.06.2016 22:00, 134, 19.0
09.06.2016 23:00, 134, 18.9
10.06.2016 00:00, 134, 18.8
10.06.2016 00:45, 135, 18.8
10.06.2016 02:00, 135, 18.8
10.06.2016 03:00, 135, 18.8
10.06.2016 04:00, 136, 18.7
10.06.2016 05:00, 136, 18.7
10.06.2016 06:00, 136, 18.7
10.06.2016 07:00, 137, 18.7
10.06.2016 08:00, 137, 18.7
10.06.2016 09:00, 137, 18.8
10.06.2016 10:00, 137, 18.9
10.06.2016 11:00, 137, 19.1
10.06.2016 12:00, 137, 19.1
10.06.2016 13:00, 137, 19.5
10.06.2016 14:00, 137, 20.3
10.06.2016 15:00, 137, 20.6
10.06.2016 16:00, 138, 20.7
10.06.2016 17:00, 137, 20.9
10.06.2016 18:00, 138, 21.0
10.06.2016 19:00, 137, 21.0
10.06.2016 20:00, 137, 20.9
10.06.2016 21:00, 137, 20.8
10.06.2016 22:00, 137, 20.5
10.06.2016 23:00, 137, 20.4
10.06.2016 23:45, 137, 20.4
11.06.2016 00:45, 137, 20.3
11.06.2016 02:00, 137, 20.2
11.06.2016 03:00, 137, 20.1
11.06.2016 04:00, 137, 20.0
11.06.2016 05:00, 136, 19.9
11.06.2016 06:00, 136, 19.9
11.06.2016 07:00, 136, 19.9
11.06.2016 08:00, 136, 19.8
11.06.2016 09:00, 136, 19.6
11.06.2016 10:00, 136, 19.7
11.06.2016 11:00, 136, 19.8
11.06.2016 12:00, 136, 19.9
11.06.2016 13:00, 136, 19.9
11.06.2016 14:00, 137, 19.8
11.06.2016 18:00, 136, 19.7
11.06.2016 19:00, 135, 19.6
11.06.2016 20:00, 135, 19.6
11.06.2016 21:00, 135, 19.6
11.06.2016 22:00, 135, 19.5
11.06.2016 23:00, 135, 19.4
11.06.2016 23:45, 135, 19.4
12.06.2016 00:45, 135, 19.4
12.06.2016 01:45, 135, 19.3
12.06.2016 03:00, 135, 19.3
12.06.2016 04:00, 135, 19.2
12.06.2016 05:00, 135, 19.1
12.06.2016 06:00, 135, 19.1
12.06.2016 07:00, 134, 19.1
12.06.2016 08:00, 135, 19.1
12.06.2016 09:00, 134, 19.1
12.06.2016 10:00, 134, 19.2
12.06.2016 11:00, 135, 19.1
12.06.2016 12:00, 135, 19.3
12.06.2016 13:00, 135, 19.4
12.06.2016 14:00, 134, 19.8
12.06.2016 15:00, 135, 20.0
12.06.2016 16:00, 134, 20.2
12.06.2016 17:00, 134, 20.2
12.06.2016 18:00, 135, 20.0
12.06.2016 19:00, 135, 19.9
12.06.2016 20:00, 134, 19.8
12.06.2016 21:00, 134, 19.7
12.06.2016 22:00, 134, 19.7
12.06.2016 23:00, 134, 19.6
12.06.2016 23:45, 134, 19.5
13.06.2016 00:45, 135, 19.5
13.06.2016 02:00, 135, 19.4
13.06.2016 03:00, 135, 19.3
13.06.2016 04:00, 135, 19.2
13.06.2016 04:45, 135, 19.2
13.06.2016 05:45, 136, 19.2
13.06.2016 07:00, 136, 19.1
13.06.2016 08:00, 136, 19.0
13.06.2016 09:00, 136, 19.0
13.06.2016 10:00, 136, 19.1
13.06.2016 11:00, 137, 19.3
13.06.2016 12:00, 137, 19.2
13.06.2016 13:00, 137, 19.6
13.06.2016 14:00, 137, 19.6
13.06.2016 15:00, 138, 20.3
13.06.2016 16:00, 138, 20.3
13.06.2016 16:45, 138, 20.1
13.06.2016 18:00, 137, 20.0
13.06.2016 19:00, 138, 20.0
13.06.2016 20:00, 138, 19.9
13.06.2016 21:00, 138, 19.5
13.06.2016 22:00, 138, 19.2
13.06.2016 23:00, 138, 19.4
14.06.2016 00:00, 138, 19.1
14.06.2016 00:45, 139, 19.3
14.06.2016 02:00, 139, 19.3
14.06.2016 03:00, 139, 19.1
14.06.2016 04:00, 138, 18.4
14.06.2016 05:00, 138, 18.9
14.06.2016 05:45, 139, 19.0
14.06.2016 07:00, 139, 18.4
14.06.2016 08:00, 139, 18.8
14.06.2016 09:00, 139, 19.0
14.06.2016 10:00, 139, 19.1
14.06.2016 11:00, 139, 19.0
14.06.2016 12:00, 139, 18.9
14.06.2016 13:00, 139, 19.2
14.06.2016 14:00, 139, 19.5
14.06.2016 15:00, 139, 19.8
14.06.2016 16:00, 139, 19.9
14.06.2016 17:00, 138, 19.9
14.06.2016 18:00, 138, 19.7
14.06.2016 19:00, 138, 19.5
14.06.2016 20:00, 139, 19.3
14.06.2016 21:00, 139, 19.3
14.06.2016 22:00, 139, 19.0
14.06.2016 23:00, 139, 19.3
14.06.2016 23:45, 139, 19.3
15.06.2016 00:45, 139, 19.2
15.06.2016 02:00, 139, 19.1
15.06.2016 03:00, 139, 19.0
15.06.2016 04:00, 140, 19.0
15.06.2016 05:00, 140, 18.9
15.06.2016 05:45, 140, 18.8
15.06.2016 07:00, 140, 18.8
15.06.2016 08:00, 140, 18.8
15.06.2016 09:00, 140, 18.8
15.06.2016 10:00, 140, 18.8
15.06.2016 11:00, 141, 19.2
15.06.2016 12:00, 141, 19.3
15.06.2016 13:00, 141, 19.2
15.06.2016 14:00, 141, 19.4
15.06.2016 15:00, 141, 18.6
15.06.2016 16:00, 141, 19.1
15.06.2016 17:00, 141, 18.2
15.06.2016 18:00, 142, 19.7
15.06.2016 19:00, 141, 20.0
15.06.2016 20:00, 142, 19.6
15.06.2016 21:00, 141, 19.6
15.06.2016 22:00, 142, 19.6
15.06.2016 23:00, 141, 19.5
16.06.2016 00:00, 141, 19.4
16.06.2016 00:45, 141, 19.2
16.06.2016 02:00, 141, 19.1
16.06.2016 03:00, 141, 19.1
16.06.2016 04:00, 141, 19.0
16.06.2016 05:00, 141, 18.9
16.06.2016 05:45, 141, 18.9
16.06.2016 07:00, 141, 18.8
16.06.2016 08:00, 141, 18.8
16.06.2016 09:00, 141, 18.9
16.06.2016 10:00, 141, 18.9
16.06.2016 11:00, 140, 18.6
16.06.2016 12:00, 141, 18.5
16.06.2016 13:00, 140, 18.1
16.06.2016 14:00, 140, 18.7
16.06.2016 15:00, 140, 18.2
16.06.2016 16:00, 140, 18.5
16.06.2016 17:00, 139, 19.7
16.06.2016 18:00, 141, 19.9
16.06.2016 19:00, 139, 20.2
16.06.2016 20:00, 140, 19.7
16.06.2016 21:00, 141, 19.5
16.06.2016 22:00, 139, 19.0
16.06.2016 23:00, 141, 18.8
16.06.2016 23:45, 139, 18.8
17.06.2016 00:45, 139, 18.8
17.06.2016 02:00, 139, 18.7
17.06.2016 03:00, 140, 18.6
17.06.2016 04:00, 139, 18.5
17.06.2016 05:00, 139, 18.5
17.06.2016 05:45, 139, 18.4
17.06.2016 07:00, 139, 18.4
17.06.2016 08:00, 139, 18.2
17.06.2016 09:00, 139, 18.1
17.06.2016 10:00, 139, 18.1
17.06.2016 11:00, 138, 18.3
17.06.2016 12:00, 138, 18.4
17.06.2016 13:00, 138, 18.6
17.06.2016 14:00, 138, 18.6
17.06.2016 15:00, 138, 18.8
17.06.2016 16:00, 138, 19.4
17.06.2016 17:00, 138, 19.3
17.06.2016 18:00, 138, 18.4
17.06.2016 19:00, 138, 18.5
17.06.2016 20:00, 137, 18.0
17.06.2016 21:00, 137, 17.8
17.06.2016 22:00, 137, 17.4
17.06.2016 23:00, 137, 17.4
